,birthday,wanted_annualpay,gender,education_type,sort,id,annualpay
0,44.0,200.0,1.0,3.0,4.0,1532327.0,300.0
1,25.0,650.0,1.0,7.0,5.0,1532334.0,300.0
2,29.0,450.0,0.0,4.0,2.0,1532349.0,500.0
3,30.0,950.0,1.0,6.0,2.0,1532371.0,700.0
4,33.0,500.0,0.0,2.0,2.0,1532372.0,500.0
5,42.0,350.0,0.0,6.0,2.0,1532374.0,300.0
6,25.0,350.0,1.0,6.0,2.0,1532376.0,300.0
7,30.0,400.0,1.0,4.0,2.0,1532382.0,300.0
8,44.0,650.0,0.0,6.0,1.0,1532384.0,700.0
9,27.0,450.0,1.0,6.0,2.0,1532390.0,300.0
10,32.0,400.0,0.0,6.0,2.0,1532396.0,300.0
11,46.0,550.0,0.0,6.0,5.0,1532404.0,500.0
12,23.0,450.0,0.0,6.0,7.0,1532406.0,300.0
13,36.0,450.0,0.0,4.0,2.0,1532407.0,500.0
14,24.0,350.0,0.0,2.0,6.0,1532424.0,300.0
15,34.0,550.0,0.0,2.0,2.0,1532426.0,500.0
16,47.0,400.0,0.0,2.0,5.0,1532427.0,300.0
17,27.0,300.0,1.0,6.0,4.0,1532436.0,300.0
18,36.0,350.0,1.0,2.0,1.0,1532439.0,300.0
19,30.0,350.0,0.0,6.0,2.0,1532446.0,300.0
20,23.0,350.0,1.0,6.0,5.0,1532450.0,300.0
21,43.0,414.6871686,0.0,2.0,2.0,1532463.0,500.0
22,23.0,200.0,1.0,6.0,2.0,1532465.0,300.0
23,41.0,450.0,0.0,6.0,5.0,1532480.0,500.0
24,37.0,400.0,0.0,4.0,6.0,1532481.0,300.0
25,32.0,400.0,0.0,6.0,5.0,1532494.0,300.0
26,36.0,200.0,1.0,6.0,2.0,1532508.0,300.0
27,39.0,400.0,0.0,6.0,7.0,1532514.0,300.0
28,46.0,400.0,0.0,2.0,5.0,1532535.0,300.0
29,49.0,350.0,0.0,6.0,2.0,1532537.0,300.0
30,24.0,350.0,0.0,6.0,2.0,1532540.0,300.0
31,35.0,650.0,0.0,6.0,2.0,1532544.0,500.0
32,43.0,950.0,0.0,7.0,7.0,1532545.0,900.0
33,39.0,500.0,1.0,6.0,2.0,1532552.0,500.0
34,45.0,200.0,1.0,3.0,2.0,1532556.0,300.0
35,46.0,200.0,1.0,2.0,5.0,1532563.0,300.0
36,46.0,550.0,0.0,6.0,5.0,1532564.0,500.0
37,44.0,650.0,0.0,6.0,2.0,1532576.0,700.0
38,35.0,550.0,0.0,4.0,2.0,1532578.0,500.0
39,52.0,550.0,1.0,4.0,5.0,1532579.0,500.0
40,36.0,300.0,0.0,6.0,2.0,1532581.0,500.0
41,36.0,300.0,1.0,3.0,5.0,1532593.0,300.0
42,23.0,500.0,0.0,6.0,2.0,1532610.0,300.0
43,47.0,200.0,1.0,6.0,5.0,1532613.0,300.0
44,38.0,350.0,0.0,6.0,4.0,1532626.0,300.0
45,39.0,450.0,1.0,2.0,2.0,1532630.0,300.0
46,38.0,200.0,1.0,2.0,7.0,1532642.0,300.0
47,21.0,300.0,0.0,2.0,4.0,1532647.0,300.0
48,47.0,450.0,0.0,2.0,5.0,1532649.0,500.0
49,43.0,500.0,1.0,3.0,2.0,1532661.0,300.0
50,23.0,400.0,0.0,2.0,3.0,1532664.0,300.0
51,23.0,300.0,0.0,6.0,2.0,1532672.0,300.0
52,28.0,400.0,0.0,6.0,7.0,1532676.0,300.0
53,50.0,600.0,0.0,6.0,5.0,1532679.0,500.0
54,49.0,450.0,0.0,2.0,5.0,1532683.0,500.0
55,54.0,414.6871686,0.0,4.0,1.0,1532702.0,500.0
56,33.0,400.0,0.0,2.0,2.0,1532709.0,300.0
57,48.0,350.0,1.0,6.0,2.0,1532719.0,300.0
58,24.0,350.0,1.0,3.0,7.0,1532726.0,300.0
59,48.0,200.0,1.0,6.0,2.0,1532730.0,300.0
60,29.0,400.0,0.0,7.0,5.0,1532734.0,300.0
61,48.0,550.0,1.0,6.0,2.0,1532740.0,300.0
62,41.0,650.0,1.0,3.0,2.0,1532744.0,500.0
63,28.0,300.0,1.0,3.0,2.0,1532752.0,300.0
64,40.0,300.0,1.0,6.0,2.0,1532753.0,300.0
65,30.0,400.0,1.0,4.0,2.0,1532762.0,300.0
66,29.0,500.0,0.0,6.0,6.0,1532764.0,500.0
67,32.0,350.0,0.0,4.0,1.0,1532773.0,300.0
68,20.0,300.0,1.0,5.0,2.0,1532783.0,300.0
69,29.0,350.0,0.0,2.0,7.0,1532799.0,300.0
70,45.0,650.0,0.0,6.0,2.0,1532803.0,700.0
71,35.0,350.0,0.0,2.0,1.0,1532804.0,300.0
72,41.0,550.0,1.0,4.0,3.0,1532806.0,300.0
73,29.0,300.0,0.0,6.0,5.0,1532809.0,300.0
74,37.0,550.0,0.0,2.0,2.0,1532811.0,500.0
75,34.0,650.0,0.0,6.0,4.0,1532812.0,700.0
76,28.0,300.0,1.0,2.0,5.0,1532818.0,300.0
77,23.0,400.0,0.0,4.0,4.0,1532819.0,300.0
78,41.0,600.0,1.0,4.0,2.0,1532822.0,500.0
79,47.0,200.0,1.0,4.0,2.0,1532824.0,300.0
80,43.0,550.0,1.0,6.0,4.0,1532827.0,500.0
81,25.0,350.0,0.0,2.0,2.0,1532833.0,300.0
82,35.0,350.0,1.0,3.0,2.0,1532837.0,300.0
83,38.0,500.0,1.0,6.0,2.0,1532842.0,500.0
84,28.0,350.0,0.0,6.0,2.0,1532850.0,300.0
85,28.0,550.0,0.0,5.0,2.0,1532861.0,500.0
86,34.0,650.0,0.0,1.0,2.0,1532864.0,500.0
87,36.0,650.0,0.0,6.0,5.0,1532872.0,700.0
88,35.0,550.0,0.0,6.0,2.0,1532879.0,500.0
89,44.0,250.0,1.0,4.0,4.0,1532882.0,300.0
90,36.0,350.0,1.0,2.0,5.0,1532887.0,300.0
91,43.0,300.0,1.0,2.0,2.0,1532893.0,300.0
92,40.0,450.0,0.0,6.0,5.0,1532895.0,500.0
93,34.0,350.0,0.0,2.0,2.0,1532896.0,300.0
94,34.0,650.0,1.0,6.0,2.0,1532910.0,500.0
95,25.0,550.0,1.0,4.0,1.0,1532931.0,300.0
96,44.0,200.0,1.0,1.0,2.0,1532948.0,300.0
97,26.0,350.0,1.0,6.0,1.0,1532954.0,300.0
98,22.0,300.0,0.0,2.0,2.0,1532955.0,300.0
99,26.0,300.0,0.0,6.0,5.0,1532956.0,300.0
100,52.0,250.0,1.0,2.0,7.0,1532981.0,300.0
101,48.0,650.0,0.0,2.0,3.0,1532990.0,700.0
102,37.0,350.0,0.0,4.0,2.0,1532998.0,300.0
103,22.0,400.0,0.0,2.0,5.0,1533015.0,300.0
104,23.0,250.0,1.0,6.0,1.0,1533023.0,300.0
105,23.0,250.0,0.0,6.0,1.0,1533034.0,300.0
106,25.0,250.0,1.0,2.0,7.0,1533039.0,300.0
107,47.0,200.0,1.0,2.0,7.0,1533046.0,300.0
108,24.0,750.0,1.0,6.0,2.0,1533077.0,300.0
109,49.0,650.0,0.0,7.0,4.0,1533083.0,700.0
110,38.0,450.0,1.0,2.0,5.0,1533097.0,300.0
111,37.0,450.0,1.0,6.0,2.0,1533111.0,500.0
112,25.0,200.0,1.0,4.0,1.0,1533113.0,300.0
113,35.0,450.0,0.0,2.0,2.0,1533115.0,500.0
114,40.0,250.0,1.0,6.0,6.0,1533138.0,300.0
115,22.0,200.0,1.0,2.0,1.0,1533140.0,300.0
116,33.0,250.0,0.0,6.0,7.0,1533142.0,300.0
117,36.0,200.0,1.0,6.0,3.0,1533144.0,300.0
118,35.0,600.0,0.0,6.0,2.0,1533146.0,500.0
119,42.0,350.0,0.0,6.0,2.0,1533162.0,300.0
120,46.0,600.0,0.0,6.0,2.0,1533176.0,500.0
121,44.0,500.0,0.0,6.0,2.0,1533191.0,500.0
122,44.0,650.0,0.0,2.0,5.0,1533193.0,700.0
123,45.0,450.0,0.0,6.0,1.0,1533194.0,500.0
124,35.0,400.0,1.0,6.0,2.0,1533199.0,300.0
125,45.0,350.0,0.0,6.0,6.0,1533200.0,300.0
126,57.0,414.6871686,0.0,6.0,1.0,1533202.0,500.0
127,20.0,200.0,0.0,4.0,2.0,1533203.0,300.0
128,49.0,400.0,0.0,2.0,2.0,1533216.0,300.0
129,40.0,200.0,1.0,3.0,4.0,1533226.0,300.0
130,45.0,650.0,0.0,2.0,5.0,1533236.0,700.0
131,44.0,800.0,0.0,6.0,2.0,1533247.0,700.0
132,35.0,550.0,0.0,6.0,2.0,1533255.0,500.0
133,47.0,400.0,0.0,2.0,2.0,1533266.0,300.0
134,38.0,500.0,0.0,6.0,5.0,1533267.0,500.0
135,27.0,200.0,1.0,3.0,2.0,1533287.0,300.0
136,51.0,400.0,0.0,4.0,1.0,1533291.0,300.0
137,44.0,550.0,0.0,6.0,2.0,1533295.0,500.0
138,32.0,700.0,0.0,6.0,5.0,1533296.0,700.0
139,47.0,300.0,1.0,3.0,4.0,1533297.0,300.0
140,30.0,200.0,1.0,2.0,5.0,1533308.0,300.0
141,31.0,350.0,0.0,2.0,2.0,1533313.0,300.0
142,36.0,200.0,1.0,6.0,2.0,1533315.0,300.0
143,36.0,350.0,1.0,6.0,2.0,1533318.0,300.0
144,30.0,350.0,0.0,6.0,6.0,1533322.0,300.0
145,49.0,200.0,1.0,3.0,2.0,1533329.0,300.0
146,61.0,650.0,0.0,6.0,5.0,1533334.0,700.0
147,46.0,414.6871686,1.0,2.0,4.0,1533344.0,300.0
148,44.0,450.0,0.0,4.0,2.0,1533346.0,500.0
149,42.0,400.0,0.0,2.0,2.0,1533352.0,300.0
150,37.0,250.0,1.0,3.0,1.0,1533359.0,300.0
151,34.0,450.0,0.0,2.0,4.0,1533363.0,500.0
152,41.0,450.0,0.0,1.0,2.0,1533370.0,500.0
153,43.0,500.0,0.0,2.0,2.0,1533372.0,500.0
154,24.0,400.0,1.0,3.0,4.0,1533383.0,300.0
155,26.0,400.0,1.0,6.0,2.0,1533385.0,300.0
156,34.0,550.0,0.0,6.0,5.0,1533387.0,500.0
157,32.0,350.0,0.0,4.0,5.0,1533394.0,300.0
158,49.0,600.0,1.0,6.0,2.0,1533404.0,500.0
159,41.0,400.0,0.0,2.0,2.0,1533414.0,300.0
160,43.0,250.0,1.0,2.0,7.0,1533419.0,300.0
161,29.0,414.6871686,1.0,6.0,2.0,1533420.0,500.0
162,25.0,200.0,1.0,2.0,5.0,1533429.0,300.0
163,46.0,414.6871686,1.0,6.0,2.0,1533433.0,300.0
164,55.0,300.0,1.0,4.0,1.0,1533434.0,300.0
165,43.0,450.0,1.0,2.0,2.0,1533441.0,300.0
166,25.0,250.0,1.0,6.0,2.0,1533450.0,300.0
167,43.0,300.0,1.0,2.0,5.0,1533461.0,300.0
168,44.0,250.0,0.0,2.0,2.0,1533464.0,300.0
169,40.0,300.0,0.0,4.0,3.0,1533465.0,300.0
170,31.0,450.0,0.0,6.0,2.0,1533467.0,500.0
171,45.0,550.0,0.0,4.0,2.0,1533474.0,500.0
172,40.0,414.6871686,0.0,4.0,7.0,1533480.0,500.0
173,43.0,350.0,1.0,3.0,3.0,1533481.0,300.0
174,43.0,250.0,1.0,2.0,3.0,1533487.0,300.0
175,34.0,600.0,0.0,7.0,2.0,1533489.0,500.0
176,43.0,400.0,1.0,3.0,5.0,1533490.0,300.0
177,32.0,400.0,1.0,6.0,2.0,1533499.0,300.0
178,40.0,750.0,0.0,6.0,2.0,1533511.0,700.0
179,39.0,450.0,1.0,2.0,7.0,1533535.0,300.0
180,20.0,200.0,0.0,2.0,5.0,1533536.0,300.0
181,29.0,400.0,1.0,3.0,2.0,1533538.0,300.0
182,31.0,350.0,0.0,4.0,7.0,1533542.0,300.0
183,42.0,450.0,0.0,7.0,4.0,1533543.0,500.0
184,20.0,414.6871686,0.0,2.0,1.0,1533546.0,300.0
185,36.0,550.0,1.0,2.0,2.0,1533547.0,300.0
186,22.0,414.6871686,1.0,4.0,1.0,1533550.0,300.0
187,31.0,350.0,0.0,6.0,2.0,1533563.0,300.0
188,24.0,250.0,0.0,2.0,4.0,1533572.0,300.0
189,38.0,350.0,0.0,2.0,4.0,1533575.0,300.0
190,21.0,650.0,0.0,2.0,2.0,1533576.0,300.0
191,47.0,250.0,1.0,2.0,5.0,1533581.0,300.0
192,30.0,350.0,1.0,2.0,2.0,1533584.0,300.0
193,42.0,450.0,0.0,6.0,1.0,1533597.0,500.0
194,29.0,650.0,0.0,6.0,2.0,1533599.0,500.0
195,23.0,350.0,0.0,6.0,2.0,1533606.0,300.0
196,38.0,350.0,1.0,7.0,5.0,1533607.0,300.0
197,29.0,350.0,1.0,6.0,2.0,1533611.0,300.0
198,37.0,200.0,0.0,2.0,5.0,1533616.0,300.0
199,27.0,400.0,1.0,6.0,2.0,1533618.0,300.0
200,23.0,300.0,0.0,6.0,2.0,1533629.0,300.0
201,42.0,350.0,0.0,4.0,2.0,1533634.0,300.0
202,29.0,350.0,0.0,2.0,2.0,1533642.0,300.0
203,36.0,450.0,0.0,6.0,5.0,1533643.0,500.0
204,47.0,500.0,0.0,4.0,2.0,1533647.0,500.0
205,44.0,300.0,0.0,6.0,5.0,1533651.0,300.0
206,29.0,250.0,1.0,3.0,2.0,1533655.0,300.0
207,48.0,550.0,0.0,6.0,2.0,1533657.0,500.0
208,25.0,650.0,0.0,6.0,2.0,1533661.0,300.0
209,30.0,450.0,0.0,2.0,1.0,1533663.0,300.0
210,45.0,550.0,0.0,2.0,2.0,1533664.0,500.0
211,49.0,200.0,1.0,3.0,4.0,1533667.0,300.0
212,41.0,350.0,0.0,4.0,2.0,1533673.0,300.0
213,43.0,400.0,0.0,2.0,7.0,1533697.0,300.0
214,27.0,300.0,1.0,6.0,2.0,1533709.0,300.0
215,49.0,1200.0,0.0,6.0,2.0,1533714.0,900.0
216,35.0,650.0,0.0,5.0,2.0,1533725.0,500.0
217,39.0,650.0,0.0,6.0,2.0,1533727.0,700.0
218,45.0,414.6871686,0.0,2.0,2.0,1533728.0,500.0
219,54.0,414.6871686,0.0,2.0,2.0,1533732.0,500.0
220,25.0,400.0,0.0,2.0,1.0,1533733.0,300.0
221,34.0,414.6871686,1.0,6.0,7.0,1533734.0,500.0
222,23.0,550.0,1.0,6.0,5.0,1533736.0,300.0
223,35.0,400.0,1.0,4.0,2.0,1533744.0,300.0
224,47.0,400.0,1.0,6.0,2.0,1533745.0,300.0
225,49.0,350.0,0.0,4.0,2.0,1533746.0,300.0
226,47.0,650.0,0.0,4.0,2.0,1533749.0,700.0
227,42.0,600.0,0.0,6.0,2.0,1533761.0,500.0
228,44.0,500.0,0.0,2.0,7.0,1533767.0,500.0
229,24.0,350.0,1.0,6.0,5.0,1533769.0,300.0
230,21.0,200.0,1.0,3.0,2.0,1533775.0,300.0
231,44.0,350.0,1.0,6.0,5.0,1533784.0,300.0
232,24.0,350.0,0.0,2.0,1.0,1533788.0,300.0
233,40.0,450.0,0.0,6.0,2.0,1533798.0,500.0
234,41.0,550.0,0.0,6.0,2.0,1533818.0,500.0
235,37.0,414.6871686,1.0,6.0,5.0,1533819.0,300.0
236,47.0,250.0,1.0,4.0,2.0,1533825.0,300.0
237,27.0,400.0,0.0,5.0,4.0,1533830.0,300.0
238,35.0,300.0,1.0,2.0,2.0,1533846.0,300.0
239,30.0,400.0,1.0,2.0,2.0,1533850.0,300.0
240,21.0,250.0,1.0,2.0,7.0,1533856.0,300.0
241,41.0,350.0,0.0,2.0,5.0,1533866.0,300.0
242,31.0,500.0,1.0,3.0,2.0,1533870.0,300.0
243,33.0,250.0,1.0,2.0,7.0,1533875.0,300.0
244,48.0,550.0,0.0,2.0,5.0,1533892.0,500.0
245,33.0,450.0,0.0,6.0,2.0,1533893.0,500.0
246,39.0,650.0,1.0,7.0,2.0,1533898.0,500.0
247,30.0,500.0,0.0,4.0,2.0,1533906.0,500.0
248,36.0,550.0,0.0,4.0,2.0,1533918.0,500.0
249,28.0,300.0,1.0,6.0,2.0,1533936.0,300.0
250,27.0,250.0,0.0,4.0,7.0,1533949.0,300.0
251,45.0,450.0,0.0,4.0,2.0,1533951.0,500.0
252,41.0,650.0,0.0,7.0,2.0,1533956.0,700.0
253,42.0,350.0,1.0,2.0,2.0,1533966.0,300.0
254,36.0,600.0,0.0,7.0,5.0,1533970.0,500.0
255,44.0,400.0,0.0,2.0,2.0,1533973.0,300.0
256,38.0,250.0,1.0,4.0,5.0,1533980.0,300.0
257,38.0,450.0,0.0,4.0,2.0,1534009.0,500.0
258,50.0,414.6871686,1.0,3.0,1.0,1534013.0,500.0
259,34.0,450.0,0.0,6.0,1.0,1534014.0,500.0
260,31.0,700.0,0.0,6.0,5.0,1534053.0,700.0
261,39.0,700.0,1.0,6.0,2.0,1534085.0,500.0
262,29.0,250.0,1.0,4.0,5.0,1534093.0,300.0
263,29.0,450.0,0.0,5.0,1.0,1534115.0,500.0
264,40.0,200.0,1.0,6.0,5.0,1534134.0,300.0
265,46.0,450.0,0.0,6.0,7.0,1534143.0,500.0
266,37.0,200.0,1.0,4.0,4.0,1534145.0,300.0
267,29.0,414.6871686,1.0,6.0,2.0,1534160.0,500.0
268,27.0,450.0,0.0,7.0,2.0,1534167.0,500.0
269,46.0,950.0,0.0,6.0,2.0,1534168.0,900.0
270,24.0,450.0,0.0,2.0,2.0,1534186.0,300.0
271,23.0,300.0,0.0,2.0,7.0,1534187.0,300.0
272,49.0,250.0,1.0,3.0,7.0,1534191.0,300.0
273,41.0,600.0,0.0,6.0,2.0,1534197.0,500.0
274,31.0,350.0,1.0,2.0,2.0,1534203.0,300.0
275,36.0,350.0,1.0,2.0,2.0,1534207.0,300.0
276,20.0,500.0,1.0,4.0,4.0,1534210.0,300.0
277,39.0,414.6871686,1.0,5.0,2.0,1534225.0,500.0
278,45.0,600.0,1.0,6.0,5.0,1534236.0,300.0
279,35.0,400.0,1.0,6.0,7.0,1534250.0,300.0
280,45.0,950.0,0.0,6.0,2.0,1534292.0,900.0
281,35.0,250.0,0.0,4.0,1.0,1534313.0,300.0
282,41.0,200.0,0.0,2.0,4.0,1534317.0,300.0
283,46.0,450.0,0.0,5.0,2.0,1534320.0,500.0
284,47.0,600.0,0.0,1.0,1.0,1534323.0,500.0
285,26.0,250.0,1.0,6.0,2.0,1534327.0,300.0
286,47.0,450.0,0.0,4.0,2.0,1534333.0,500.0
287,48.0,200.0,1.0,4.0,5.0,1534338.0,300.0
288,26.0,450.0,0.0,6.0,2.0,1534339.0,300.0
289,34.0,400.0,0.0,6.0,2.0,1534344.0,300.0
290,39.0,200.0,1.0,4.0,2.0,1534349.0,300.0
291,49.0,400.0,0.0,2.0,1.0,1534351.0,300.0
292,47.0,550.0,0.0,6.0,2.0,1534366.0,500.0
293,48.0,550.0,0.0,2.0,2.0,1534376.0,500.0
294,39.0,550.0,0.0,6.0,2.0,1534377.0,500.0
295,33.0,400.0,0.0,4.0,2.0,1534385.0,300.0
296,24.0,350.0,0.0,6.0,4.0,1534400.0,300.0
297,35.0,200.0,1.0,2.0,2.0,1534402.0,300.0
298,36.0,250.0,1.0,2.0,7.0,1534412.0,300.0
299,31.0,500.0,0.0,6.0,4.0,1534419.0,500.0
300,44.0,400.0,0.0,4.0,7.0,1534422.0,300.0
301,27.0,250.0,0.0,4.0,2.0,1534424.0,300.0
302,24.0,414.6871686,1.0,5.0,7.0,1534428.0,300.0
303,48.0,350.0,0.0,4.0,2.0,1534431.0,300.0
304,38.0,650.0,0.0,2.0,4.0,1534435.0,500.0
305,28.0,400.0,0.0,1.0,5.0,1534453.0,300.0
306,61.0,200.0,0.0,6.0,5.0,1534458.0,300.0
307,58.0,450.0,0.0,6.0,4.0,1534483.0,500.0
308,22.0,350.0,1.0,4.0,2.0,1534484.0,300.0
309,25.0,350.0,0.0,6.0,1.0,1534494.0,300.0
310,46.0,200.0,1.0,6.0,3.0,1534498.0,300.0
311,22.0,350.0,0.0,6.0,2.0,1534515.0,300.0
312,35.0,250.0,1.0,4.0,2.0,1534519.0,300.0
313,38.0,350.0,0.0,4.0,5.0,1534524.0,300.0
314,25.0,200.0,1.0,6.0,2.0,1534526.0,300.0
315,22.0,650.0,0.0,4.0,7.0,1534539.0,300.0
316,25.0,550.0,1.0,6.0,2.0,1534546.0,300.0
317,45.0,350.0,1.0,3.0,7.0,1534555.0,300.0
318,18.0,350.0,1.0,2.0,7.0,1534556.0,300.0
319,46.0,200.0,1.0,3.0,1.0,1534561.0,300.0
320,60.0,414.6871686,0.0,6.0,5.0,1534566.0,500.0
321,33.0,2000.0,0.0,6.0,2.0,1534572.0,900.0
322,40.0,350.0,1.0,2.0,7.0,1534575.0,300.0
323,27.0,550.0,0.0,6.0,7.0,1534578.0,300.0
324,37.0,300.0,1.0,4.0,2.0,1534581.0,300.0
325,41.0,350.0,1.0,2.0,1.0,1534584.0,300.0
326,31.0,300.0,0.0,2.0,7.0,1534590.0,300.0
327,48.0,300.0,0.0,6.0,2.0,1534602.0,300.0
328,61.0,450.0,0.0,6.0,2.0,1534606.0,500.0
329,45.0,650.0,0.0,4.0,5.0,1534612.0,700.0
330,23.0,450.0,0.0,6.0,5.0,1534615.0,300.0
331,28.0,350.0,1.0,6.0,5.0,1534619.0,300.0
332,37.0,500.0,0.0,7.0,2.0,1534621.0,500.0
333,39.0,700.0,0.0,6.0,2.0,1534630.0,700.0
334,41.0,350.0,0.0,4.0,2.0,1534634.0,300.0
335,39.0,400.0,0.0,4.0,5.0,1534659.0,300.0
336,23.0,300.0,0.0,6.0,4.0,1534667.0,300.0
337,42.0,500.0,1.0,5.0,2.0,1534668.0,500.0
338,36.0,400.0,0.0,6.0,2.0,1534669.0,500.0
339,28.0,300.0,1.0,6.0,5.0,1534681.0,300.0
340,24.0,300.0,1.0,6.0,3.0,1534682.0,300.0
341,43.0,400.0,1.0,2.0,2.0,1534683.0,300.0
342,29.0,300.0,0.0,2.0,5.0,1534685.0,300.0
343,28.0,450.0,0.0,6.0,2.0,1534689.0,500.0
344,46.0,414.6871686,0.0,6.0,1.0,1534713.0,500.0
345,26.0,250.0,1.0,6.0,1.0,1534736.0,300.0
346,39.0,400.0,0.0,6.0,6.0,1534761.0,300.0
347,49.0,300.0,1.0,4.0,2.0,1534789.0,300.0
348,31.0,300.0,0.0,1.0,5.0,1534793.0,300.0
349,25.0,650.0,1.0,7.0,3.0,1534798.0,300.0
350,33.0,400.0,1.0,6.0,4.0,1534801.0,300.0
351,31.0,650.0,1.0,6.0,2.0,1534808.0,500.0
352,43.0,350.0,0.0,6.0,7.0,1534809.0,300.0
353,37.0,250.0,1.0,6.0,1.0,1534814.0,300.0
354,33.0,300.0,0.0,2.0,1.0,1534815.0,300.0
355,33.0,650.0,0.0,6.0,6.0,1534817.0,700.0
356,29.0,350.0,0.0,7.0,2.0,1534833.0,300.0
357,44.0,300.0,0.0,2.0,1.0,1534838.0,300.0
358,36.0,450.0,0.0,4.0,2.0,1534843.0,500.0
359,49.0,300.0,1.0,2.0,1.0,1534845.0,300.0
360,44.0,350.0,1.0,3.0,2.0,1534846.0,300.0
361,41.0,450.0,1.0,4.0,6.0,1534851.0,300.0
362,21.0,250.0,0.0,4.0,2.0,1534862.0,300.0
363,23.0,350.0,0.0,6.0,2.0,1534863.0,300.0
364,30.0,250.0,0.0,4.0,6.0,1534865.0,300.0
365,43.0,500.0,0.0,6.0,4.0,1534870.0,500.0
366,46.0,450.0,0.0,6.0,4.0,1534879.0,500.0
367,45.0,400.0,0.0,6.0,4.0,1534888.0,300.0
368,49.0,750.0,1.0,4.0,2.0,1534895.0,700.0
369,45.0,500.0,1.0,6.0,2.0,1534900.0,300.0
370,48.0,500.0,0.0,2.0,5.0,1534916.0,500.0
371,39.0,300.0,1.0,3.0,2.0,1534921.0,300.0
372,33.0,450.0,0.0,4.0,3.0,1534933.0,500.0
373,29.0,450.0,1.0,6.0,4.0,1534939.0,500.0
374,21.0,200.0,0.0,6.0,2.0,1534951.0,300.0
375,38.0,200.0,1.0,3.0,3.0,1534954.0,300.0
376,49.0,300.0,0.0,6.0,6.0,1534960.0,300.0
377,23.0,400.0,0.0,2.0,2.0,1534963.0,300.0
378,34.0,500.0,0.0,6.0,2.0,1534974.0,500.0
379,29.0,350.0,1.0,6.0,2.0,1534982.0,300.0
380,28.0,400.0,0.0,6.0,1.0,1534984.0,300.0
381,35.0,350.0,1.0,4.0,2.0,1534985.0,300.0
382,39.0,650.0,1.0,6.0,2.0,1534986.0,500.0
383,21.0,250.0,1.0,2.0,3.0,1534987.0,300.0
384,41.0,450.0,1.0,4.0,5.0,1534990.0,300.0
385,48.0,600.0,0.0,6.0,2.0,1534997.0,500.0
386,35.0,650.0,0.0,2.0,4.0,1534998.0,500.0
387,25.0,300.0,1.0,2.0,5.0,1534999.0,300.0
388,37.0,400.0,1.0,4.0,4.0,1535002.0,300.0
389,31.0,350.0,0.0,2.0,5.0,1535017.0,300.0
390,39.0,550.0,1.0,6.0,2.0,1535018.0,500.0
391,45.0,300.0,1.0,2.0,2.0,1535023.0,300.0
392,46.0,500.0,1.0,4.0,2.0,1535025.0,500.0
393,43.0,450.0,1.0,6.0,2.0,1535039.0,500.0
394,42.0,350.0,1.0,3.0,1.0,1535041.0,300.0
395,55.0,400.0,1.0,3.0,5.0,1535048.0,300.0
396,24.0,300.0,0.0,6.0,2.0,1535049.0,300.0
397,44.0,350.0,0.0,6.0,2.0,1535052.0,300.0
398,24.0,350.0,0.0,6.0,2.0,1535053.0,300.0
399,29.0,250.0,1.0,6.0,5.0,1535059.0,300.0
400,25.0,300.0,1.0,6.0,7.0,1535066.0,300.0
401,37.0,400.0,0.0,6.0,2.0,1535068.0,300.0
402,21.0,250.0,0.0,4.0,5.0,1535070.0,300.0
403,23.0,300.0,0.0,2.0,2.0,1535072.0,300.0
404,25.0,200.0,0.0,2.0,1.0,1535081.0,300.0
405,36.0,550.0,0.0,4.0,2.0,1535087.0,500.0
406,42.0,350.0,1.0,3.0,7.0,1535102.0,300.0
407,36.0,450.0,0.0,6.0,5.0,1535114.0,500.0
408,29.0,400.0,0.0,2.0,6.0,1535115.0,300.0
409,26.0,414.6871686,1.0,2.0,2.0,1535118.0,300.0
410,31.0,450.0,1.0,2.0,7.0,1535120.0,300.0
411,33.0,550.0,0.0,6.0,4.0,1535123.0,500.0
412,42.0,250.0,1.0,4.0,5.0,1535142.0,300.0
413,43.0,400.0,1.0,7.0,2.0,1535161.0,300.0
414,32.0,350.0,0.0,4.0,1.0,1535162.0,300.0
415,26.0,300.0,0.0,4.0,1.0,1535169.0,300.0
416,41.0,700.0,0.0,4.0,2.0,1535182.0,700.0
417,49.0,300.0,0.0,2.0,5.0,1535191.0,300.0
418,38.0,414.6871686,0.0,2.0,2.0,1535192.0,500.0
419,36.0,300.0,1.0,2.0,1.0,1535198.0,300.0
420,52.0,350.0,0.0,2.0,2.0,1535199.0,300.0
421,46.0,450.0,1.0,6.0,2.0,1535218.0,300.0
422,34.0,550.0,0.0,6.0,2.0,1535224.0,500.0
423,31.0,350.0,1.0,4.0,2.0,1535238.0,300.0
424,48.0,650.0,0.0,4.0,2.0,1535248.0,700.0
425,50.0,600.0,0.0,2.0,5.0,1535251.0,500.0
426,48.0,450.0,0.0,6.0,2.0,1535263.0,500.0
427,41.0,200.0,1.0,3.0,2.0,1535266.0,300.0
428,39.0,500.0,0.0,2.0,1.0,1535283.0,500.0
429,41.0,650.0,0.0,2.0,5.0,1535293.0,500.0
430,42.0,400.0,0.0,2.0,2.0,1535302.0,300.0
431,35.0,500.0,0.0,6.0,3.0,1535305.0,500.0
432,35.0,400.0,0.0,6.0,5.0,1535307.0,300.0
433,28.0,350.0,1.0,2.0,2.0,1535310.0,300.0
434,37.0,200.0,0.0,2.0,1.0,1535324.0,300.0
435,39.0,300.0,1.0,2.0,2.0,1535328.0,300.0
436,47.0,550.0,0.0,4.0,7.0,1535335.0,500.0
437,34.0,400.0,0.0,6.0,2.0,1535338.0,300.0
438,21.0,350.0,0.0,4.0,2.0,1535351.0,300.0
439,32.0,250.0,0.0,4.0,5.0,1535355.0,300.0
440,48.0,200.0,1.0,4.0,2.0,1535361.0,300.0
441,48.0,350.0,1.0,2.0,3.0,1535365.0,300.0
442,40.0,200.0,1.0,4.0,2.0,1535366.0,300.0
443,41.0,650.0,1.0,3.0,2.0,1535379.0,500.0
444,45.0,450.0,1.0,4.0,2.0,1535380.0,500.0
445,23.0,300.0,1.0,1.0,2.0,1535396.0,300.0
446,49.0,350.0,0.0,6.0,5.0,1535400.0,300.0
447,38.0,650.0,1.0,6.0,2.0,1535402.0,500.0
448,62.0,500.0,0.0,2.0,5.0,1535409.0,500.0
449,48.0,350.0,0.0,2.0,2.0,1535414.0,300.0
450,28.0,550.0,1.0,6.0,2.0,1535417.0,300.0
451,25.0,450.0,1.0,6.0,4.0,1535422.0,300.0
452,38.0,300.0,1.0,1.0,2.0,1535438.0,300.0
453,23.0,350.0,1.0,4.0,1.0,1535440.0,300.0
454,43.0,414.6871686,0.0,4.0,4.0,1535446.0,500.0
455,32.0,400.0,1.0,6.0,4.0,1535451.0,300.0
456,43.0,450.0,0.0,6.0,5.0,1535462.0,500.0
457,19.0,414.6871686,0.0,2.0,1.0,1535463.0,300.0
458,25.0,414.6871686,1.0,4.0,2.0,1535465.0,300.0
459,32.0,650.0,1.0,4.0,2.0,1535466.0,500.0
460,48.0,200.0,1.0,2.0,2.0,1535468.0,300.0
461,40.0,550.0,1.0,6.0,2.0,1535469.0,500.0
462,49.0,600.0,0.0,6.0,7.0,1535472.0,500.0
463,32.0,450.0,0.0,6.0,2.0,1535480.0,500.0
464,32.0,550.0,0.0,4.0,2.0,1535483.0,500.0
465,42.0,500.0,0.0,2.0,5.0,1535484.0,500.0
466,52.0,300.0,1.0,4.0,5.0,1535489.0,300.0
467,27.0,414.6871686,0.0,6.0,2.0,1535502.0,300.0
468,37.0,550.0,0.0,6.0,2.0,1535509.0,500.0
469,24.0,250.0,1.0,2.0,3.0,1535513.0,300.0
470,37.0,550.0,0.0,2.0,2.0,1535532.0,500.0
471,35.0,350.0,1.0,2.0,7.0,1535540.0,300.0
472,49.0,650.0,0.0,6.0,5.0,1535561.0,700.0
473,43.0,400.0,1.0,3.0,2.0,1535587.0,300.0
474,38.0,300.0,1.0,3.0,5.0,1535610.0,300.0
475,30.0,350.0,1.0,2.0,1.0,1535613.0,300.0
476,27.0,350.0,0.0,4.0,4.0,1535615.0,300.0
477,27.0,300.0,0.0,2.0,1.0,1535624.0,300.0
478,49.0,2000.0,0.0,6.0,2.0,1535627.0,1300.0
479,26.0,414.6871686,0.0,2.0,2.0,1535632.0,300.0
480,41.0,500.0,0.0,1.0,2.0,1535649.0,500.0
481,30.0,400.0,1.0,6.0,7.0,1535657.0,300.0
482,41.0,350.0,1.0,2.0,1.0,1535659.0,300.0
483,45.0,300.0,0.0,2.0,2.0,1535660.0,300.0
484,46.0,450.0,1.0,6.0,5.0,1535662.0,300.0
485,27.0,450.0,1.0,3.0,2.0,1535664.0,300.0
486,26.0,200.0,1.0,4.0,1.0,1535665.0,300.0
487,37.0,650.0,0.0,7.0,6.0,1535666.0,700.0
488,27.0,300.0,1.0,2.0,6.0,1535676.0,300.0
489,34.0,500.0,0.0,2.0,5.0,1535682.0,500.0
490,41.0,300.0,1.0,4.0,2.0,1535686.0,300.0
491,32.0,350.0,1.0,6.0,3.0,1535707.0,300.0
492,38.0,600.0,0.0,1.0,4.0,1535736.0,500.0
493,38.0,400.0,0.0,4.0,2.0,1535751.0,300.0
494,41.0,200.0,1.0,2.0,2.0,1535756.0,300.0
495,41.0,650.0,0.0,6.0,2.0,1535758.0,700.0
496,27.0,650.0,0.0,6.0,2.0,1535766.0,300.0
497,28.0,450.0,0.0,6.0,2.0,1535767.0,500.0
498,23.0,200.0,1.0,4.0,2.0,1535773.0,300.0
499,38.0,200.0,0.0,3.0,2.0,1535779.0,300.0
500,41.0,550.0,0.0,1.0,2.0,1535780.0,500.0
501,37.0,500.0,0.0,6.0,5.0,1535782.0,500.0
502,35.0,450.0,1.0,6.0,2.0,1535788.0,500.0
503,27.0,350.0,0.0,6.0,5.0,1535792.0,300.0
504,37.0,250.0,1.0,2.0,7.0,1535803.0,300.0
505,48.0,350.0,0.0,2.0,4.0,1535814.0,300.0
506,60.0,450.0,0.0,2.0,5.0,1535817.0,500.0
507,20.0,900.0,1.0,6.0,2.0,1535822.0,300.0
508,26.0,500.0,0.0,6.0,6.0,1535839.0,300.0
509,21.0,300.0,1.0,3.0,7.0,1535850.0,300.0
510,31.0,350.0,0.0,2.0,2.0,1535867.0,300.0
511,24.0,350.0,0.0,4.0,2.0,1535873.0,300.0
512,28.0,300.0,1.0,2.0,7.0,1535876.0,300.0
513,45.0,350.0,0.0,2.0,2.0,1535904.0,300.0
514,23.0,400.0,0.0,4.0,2.0,1535908.0,300.0
515,41.0,350.0,1.0,6.0,2.0,1535931.0,300.0
516,26.0,400.0,0.0,6.0,2.0,1535939.0,300.0
517,42.0,300.0,1.0,3.0,5.0,1535952.0,300.0
518,42.0,400.0,0.0,6.0,2.0,1535957.0,300.0
519,20.0,414.6871686,1.0,4.0,4.0,1535960.0,300.0
520,28.0,250.0,0.0,4.0,2.0,1535962.0,300.0
521,26.0,350.0,1.0,4.0,2.0,1535967.0,300.0
522,38.0,250.0,1.0,6.0,4.0,1535978.0,300.0
523,36.0,414.6871686,1.0,2.0,2.0,1535981.0,300.0
524,30.0,400.0,0.0,6.0,2.0,1535989.0,300.0
525,49.0,700.0,0.0,6.0,2.0,1535990.0,700.0
526,26.0,300.0,1.0,4.0,2.0,1535994.0,300.0
527,31.0,400.0,0.0,6.0,7.0,1536002.0,300.0
528,25.0,400.0,0.0,2.0,4.0,1536017.0,300.0
529,32.0,650.0,0.0,6.0,2.0,1536025.0,700.0
530,33.0,300.0,0.0,6.0,2.0,1536027.0,300.0
531,28.0,550.0,0.0,4.0,1.0,1536036.0,300.0
532,45.0,600.0,1.0,6.0,2.0,1536041.0,300.0
533,41.0,250.0,1.0,2.0,4.0,1536044.0,300.0
534,21.0,300.0,0.0,4.0,7.0,1536045.0,300.0
535,24.0,300.0,1.0,6.0,5.0,1536055.0,300.0
536,40.0,250.0,1.0,2.0,2.0,1536081.0,300.0
537,46.0,450.0,0.0,2.0,1.0,1536094.0,500.0
538,44.0,1200.0,0.0,6.0,2.0,1536098.0,900.0
539,26.0,414.6871686,0.0,6.0,2.0,1536100.0,300.0
540,27.0,250.0,1.0,6.0,5.0,1536123.0,300.0
541,30.0,300.0,1.0,6.0,7.0,1536129.0,300.0
542,28.0,400.0,0.0,6.0,2.0,1536133.0,300.0
543,39.0,250.0,1.0,6.0,2.0,1536163.0,300.0
544,28.0,400.0,0.0,6.0,5.0,1536166.0,300.0
545,46.0,500.0,0.0,4.0,5.0,1536183.0,500.0
546,44.0,300.0,1.0,2.0,2.0,1536184.0,300.0
547,26.0,500.0,1.0,6.0,2.0,1536187.0,300.0
548,40.0,800.0,0.0,6.0,2.0,1536193.0,700.0
549,55.0,414.6871686,1.0,3.0,4.0,1536204.0,500.0
550,27.0,450.0,1.0,6.0,2.0,1536205.0,300.0
551,27.0,300.0,0.0,3.0,2.0,1536206.0,300.0
552,42.0,500.0,0.0,6.0,1.0,1536212.0,500.0
553,22.0,200.0,0.0,6.0,2.0,1536213.0,300.0
554,33.0,250.0,1.0,3.0,2.0,1536215.0,300.0
555,38.0,300.0,1.0,6.0,5.0,1536223.0,300.0
556,29.0,300.0,0.0,1.0,5.0,1536224.0,300.0
557,21.0,300.0,0.0,2.0,2.0,1536227.0,300.0
558,48.0,600.0,0.0,6.0,4.0,1536230.0,500.0
559,22.0,300.0,1.0,6.0,2.0,1536232.0,300.0
560,25.0,350.0,1.0,2.0,2.0,1536241.0,300.0
561,34.0,850.0,0.0,2.0,2.0,1536260.0,500.0
562,30.0,200.0,1.0,2.0,2.0,1536269.0,300.0
563,26.0,650.0,1.0,2.0,2.0,1536273.0,300.0
564,30.0,300.0,1.0,6.0,5.0,1536274.0,300.0
565,25.0,650.0,1.0,6.0,2.0,1536281.0,300.0
566,47.0,600.0,0.0,3.0,2.0,1536283.0,500.0
567,34.0,500.0,0.0,2.0,2.0,1536289.0,500.0
568,30.0,350.0,1.0,2.0,7.0,1536290.0,300.0
569,43.0,200.0,1.0,2.0,6.0,1536318.0,300.0
570,36.0,550.0,0.0,6.0,5.0,1536330.0,500.0
571,31.0,400.0,0.0,2.0,2.0,1536331.0,300.0
572,52.0,300.0,1.0,3.0,2.0,1536357.0,300.0
573,53.0,414.6871686,0.0,2.0,2.0,1536383.0,500.0
574,27.0,300.0,1.0,2.0,2.0,1536408.0,300.0
575,35.0,650.0,0.0,2.0,4.0,1536410.0,500.0
576,48.0,414.6871686,1.0,2.0,1.0,1536419.0,300.0
577,43.0,200.0,1.0,2.0,6.0,1536420.0,300.0
578,28.0,300.0,0.0,4.0,2.0,1536422.0,300.0
579,43.0,250.0,1.0,2.0,4.0,1536424.0,300.0
580,39.0,200.0,1.0,2.0,7.0,1536433.0,300.0
581,32.0,750.0,0.0,6.0,2.0,1536438.0,700.0
582,48.0,650.0,0.0,6.0,2.0,1536439.0,700.0
583,44.0,550.0,0.0,6.0,2.0,1536443.0,500.0
584,29.0,450.0,0.0,4.0,5.0,1536454.0,500.0
585,45.0,500.0,0.0,4.0,2.0,1536458.0,500.0
586,33.0,414.6871686,0.0,6.0,5.0,1536465.0,500.0
587,46.0,450.0,0.0,2.0,2.0,1536469.0,500.0
588,53.0,350.0,1.0,2.0,2.0,1536471.0,300.0
589,35.0,450.0,1.0,6.0,5.0,1536474.0,300.0
590,45.0,550.0,0.0,6.0,1.0,1536510.0,500.0
591,32.0,400.0,0.0,2.0,2.0,1536521.0,300.0
592,49.0,300.0,1.0,4.0,2.0,1536523.0,300.0
593,55.0,400.0,0.0,6.0,2.0,1536528.0,300.0
594,43.0,550.0,0.0,6.0,5.0,1536530.0,500.0
595,20.0,400.0,0.0,2.0,5.0,1536534.0,300.0
596,26.0,300.0,1.0,6.0,7.0,1536549.0,300.0
597,48.0,450.0,0.0,6.0,5.0,1536554.0,500.0
598,39.0,414.6871686,0.0,4.0,2.0,1536559.0,500.0
599,33.0,450.0,0.0,2.0,7.0,1536563.0,500.0
600,49.0,550.0,1.0,4.0,2.0,1536567.0,500.0
601,35.0,550.0,0.0,2.0,2.0,1536568.0,500.0
602,41.0,350.0,1.0,6.0,2.0,1536578.0,300.0
603,37.0,500.0,0.0,2.0,5.0,1536590.0,500.0
604,26.0,300.0,0.0,6.0,2.0,1536592.0,300.0
605,35.0,500.0,0.0,2.0,2.0,1536603.0,500.0
606,26.0,300.0,1.0,4.0,2.0,1536632.0,300.0
607,35.0,650.0,0.0,6.0,2.0,1536635.0,500.0
608,30.0,450.0,1.0,6.0,2.0,1536636.0,500.0
609,30.0,650.0,0.0,2.0,2.0,1536638.0,500.0
610,39.0,200.0,1.0,2.0,4.0,1536641.0,300.0
611,48.0,300.0,0.0,2.0,4.0,1536656.0,300.0
612,29.0,650.0,0.0,2.0,2.0,1536663.0,500.0
613,29.0,450.0,1.0,6.0,5.0,1536666.0,300.0
614,31.0,650.0,0.0,6.0,5.0,1536673.0,700.0
615,45.0,550.0,1.0,3.0,2.0,1536675.0,500.0
616,47.0,400.0,1.0,3.0,2.0,1536680.0,300.0
617,43.0,414.6871686,0.0,4.0,2.0,1536681.0,500.0
618,35.0,500.0,0.0,6.0,2.0,1536684.0,500.0
619,48.0,350.0,1.0,3.0,3.0,1536709.0,300.0
620,26.0,300.0,0.0,6.0,4.0,1536711.0,300.0
621,40.0,450.0,0.0,6.0,7.0,1536714.0,500.0
622,44.0,500.0,1.0,2.0,2.0,1536719.0,300.0
623,42.0,250.0,1.0,6.0,5.0,1536726.0,300.0
624,29.0,650.0,0.0,6.0,2.0,1536737.0,500.0
625,36.0,300.0,1.0,2.0,1.0,1536743.0,300.0
626,35.0,400.0,1.0,3.0,6.0,1536746.0,300.0
627,37.0,400.0,0.0,7.0,4.0,1536751.0,300.0
628,43.0,450.0,0.0,6.0,7.0,1536766.0,500.0
629,24.0,250.0,0.0,6.0,2.0,1536785.0,300.0
630,43.0,500.0,0.0,2.0,7.0,1536789.0,500.0
631,40.0,300.0,0.0,2.0,7.0,1536790.0,300.0
632,47.0,400.0,0.0,6.0,3.0,1536801.0,300.0
633,48.0,350.0,1.0,4.0,2.0,1536803.0,300.0
634,41.0,300.0,0.0,4.0,4.0,1536804.0,300.0
635,40.0,450.0,1.0,3.0,5.0,1536807.0,300.0
636,33.0,200.0,0.0,2.0,7.0,1536810.0,300.0
637,35.0,300.0,1.0,5.0,4.0,1536817.0,300.0
638,45.0,250.0,1.0,2.0,5.0,1536826.0,300.0
639,27.0,350.0,1.0,6.0,5.0,1536828.0,300.0
640,26.0,550.0,0.0,6.0,5.0,1536834.0,300.0
641,29.0,300.0,1.0,6.0,5.0,1536835.0,300.0
642,38.0,350.0,1.0,3.0,2.0,1536842.0,300.0
643,34.0,500.0,0.0,5.0,2.0,1536847.0,500.0
644,29.0,200.0,1.0,2.0,5.0,1536849.0,300.0
645,29.0,400.0,0.0,2.0,1.0,1536857.0,300.0
646,42.0,350.0,1.0,6.0,5.0,1536864.0,300.0
647,37.0,350.0,0.0,1.0,5.0,1536867.0,300.0
648,42.0,300.0,1.0,2.0,5.0,1536877.0,300.0
649,23.0,400.0,1.0,6.0,2.0,1536882.0,300.0
650,27.0,600.0,0.0,6.0,4.0,1536884.0,300.0
651,37.0,500.0,1.0,3.0,2.0,1536891.0,500.0
652,23.0,200.0,0.0,2.0,2.0,1536896.0,300.0
653,31.0,300.0,1.0,4.0,1.0,1536897.0,300.0
654,35.0,400.0,0.0,4.0,5.0,1536899.0,300.0
655,43.0,400.0,0.0,6.0,3.0,1536903.0,300.0
656,28.0,450.0,0.0,6.0,2.0,1536917.0,500.0
657,40.0,450.0,1.0,6.0,7.0,1536923.0,500.0
658,45.0,400.0,1.0,6.0,2.0,1536936.0,300.0
659,31.0,300.0,1.0,3.0,2.0,1536945.0,300.0
660,27.0,350.0,1.0,2.0,2.0,1536952.0,300.0
661,25.0,350.0,1.0,6.0,2.0,1536958.0,300.0
662,32.0,200.0,1.0,2.0,5.0,1536963.0,300.0
663,25.0,300.0,0.0,5.0,6.0,1536964.0,300.0
664,37.0,650.0,0.0,6.0,7.0,1536973.0,700.0
665,43.0,200.0,1.0,6.0,4.0,1536982.0,300.0
666,45.0,750.0,1.0,6.0,2.0,1536988.0,700.0
667,40.0,550.0,0.0,6.0,2.0,1536996.0,500.0
668,30.0,250.0,1.0,6.0,2.0,1536998.0,300.0
669,40.0,350.0,0.0,2.0,7.0,1537009.0,300.0
670,35.0,650.0,0.0,2.0,5.0,1537027.0,500.0
671,26.0,350.0,1.0,6.0,2.0,1537042.0,300.0
672,31.0,500.0,1.0,7.0,6.0,1537044.0,300.0
673,33.0,350.0,1.0,6.0,5.0,1537045.0,300.0
674,32.0,950.0,0.0,2.0,2.0,1537049.0,500.0
675,48.0,350.0,1.0,3.0,4.0,1537053.0,300.0
676,27.0,350.0,1.0,4.0,2.0,1537065.0,300.0
677,24.0,350.0,0.0,2.0,2.0,1537069.0,300.0
678,40.0,450.0,0.0,6.0,7.0,1537077.0,500.0
679,45.0,650.0,1.0,3.0,6.0,1537080.0,700.0
680,25.0,200.0,1.0,6.0,2.0,1537083.0,300.0
681,39.0,550.0,0.0,2.0,2.0,1537089.0,500.0
682,29.0,250.0,1.0,6.0,1.0,1537092.0,300.0
683,39.0,550.0,0.0,2.0,7.0,1537093.0,500.0
684,37.0,850.0,0.0,6.0,2.0,1537102.0,700.0
685,39.0,650.0,1.0,6.0,2.0,1537111.0,500.0
686,45.0,350.0,1.0,4.0,2.0,1537119.0,300.0
687,33.0,350.0,0.0,6.0,1.0,1537123.0,300.0
688,44.0,500.0,0.0,6.0,2.0,1537128.0,500.0
689,37.0,350.0,1.0,3.0,2.0,1537129.0,300.0
690,39.0,250.0,1.0,3.0,2.0,1537136.0,300.0
691,26.0,400.0,1.0,4.0,2.0,1537139.0,300.0
692,22.0,650.0,1.0,6.0,2.0,1537145.0,300.0
693,43.0,350.0,0.0,2.0,3.0,1537154.0,300.0
694,46.0,650.0,0.0,6.0,2.0,1537162.0,700.0
695,26.0,400.0,0.0,6.0,2.0,1537165.0,300.0
696,49.0,350.0,0.0,4.0,4.0,1537170.0,300.0
697,49.0,500.0,0.0,6.0,5.0,1537184.0,500.0
698,34.0,250.0,1.0,2.0,5.0,1537185.0,300.0
699,31.0,414.6871686,0.0,4.0,1.0,1537191.0,500.0
700,51.0,500.0,1.0,4.0,2.0,1537206.0,500.0
701,36.0,450.0,0.0,4.0,2.0,1537216.0,500.0
702,34.0,200.0,1.0,2.0,7.0,1537221.0,300.0
703,46.0,550.0,0.0,2.0,6.0,1537232.0,500.0
704,46.0,700.0,0.0,3.0,1.0,1537233.0,700.0
705,56.0,300.0,0.0,6.0,4.0,1537241.0,300.0
706,27.0,414.6871686,0.0,6.0,2.0,1537245.0,300.0
707,42.0,450.0,0.0,2.0,5.0,1537250.0,500.0
708,20.0,500.0,1.0,3.0,2.0,1537254.0,300.0
709,42.0,400.0,0.0,6.0,3.0,1537272.0,300.0
710,46.0,300.0,1.0,6.0,2.0,1537282.0,300.0
711,39.0,300.0,1.0,3.0,2.0,1537286.0,300.0
712,26.0,450.0,1.0,2.0,2.0,1537296.0,300.0
713,34.0,250.0,0.0,2.0,2.0,1537305.0,300.0
714,39.0,550.0,0.0,6.0,5.0,1537307.0,500.0
715,25.0,350.0,0.0,2.0,7.0,1537308.0,300.0
716,41.0,414.6871686,1.0,4.0,2.0,1537309.0,500.0
717,36.0,400.0,1.0,6.0,2.0,1537316.0,300.0
718,35.0,750.0,0.0,6.0,4.0,1537321.0,700.0
719,30.0,700.0,0.0,6.0,5.0,1537322.0,500.0
720,37.0,450.0,0.0,2.0,2.0,1537324.0,500.0
721,45.0,250.0,0.0,1.0,3.0,1537328.0,300.0
722,39.0,550.0,0.0,4.0,2.0,1537340.0,500.0
723,31.0,350.0,1.0,6.0,2.0,1537344.0,300.0
724,29.0,300.0,1.0,6.0,2.0,1537345.0,300.0
725,30.0,400.0,1.0,6.0,2.0,1537350.0,300.0
726,24.0,250.0,1.0,2.0,4.0,1537355.0,300.0
727,26.0,400.0,1.0,6.0,2.0,1537362.0,300.0
728,22.0,200.0,1.0,2.0,1.0,1537372.0,300.0
729,45.0,650.0,0.0,6.0,2.0,1537375.0,700.0
730,28.0,350.0,1.0,6.0,7.0,1537377.0,300.0
731,42.0,450.0,0.0,4.0,5.0,1537379.0,500.0
732,28.0,350.0,0.0,6.0,5.0,1537385.0,300.0
733,33.0,300.0,0.0,2.0,2.0,1537386.0,300.0
734,31.0,300.0,0.0,2.0,2.0,1537389.0,300.0
735,47.0,850.0,0.0,6.0,2.0,1537415.0,900.0
736,36.0,350.0,1.0,4.0,2.0,1537419.0,300.0
737,38.0,300.0,1.0,4.0,2.0,1537428.0,300.0
738,23.0,250.0,1.0,2.0,6.0,1537453.0,300.0
739,26.0,400.0,1.0,6.0,5.0,1537475.0,300.0
740,35.0,500.0,0.0,2.0,4.0,1537481.0,500.0
741,30.0,650.0,0.0,6.0,2.0,1537484.0,500.0
742,48.0,200.0,1.0,2.0,1.0,1537493.0,300.0
743,24.0,250.0,0.0,4.0,2.0,1537510.0,300.0
744,44.0,300.0,1.0,3.0,2.0,1537520.0,300.0
745,48.0,200.0,1.0,2.0,5.0,1537528.0,300.0
746,42.0,250.0,1.0,6.0,1.0,1537534.0,300.0
747,48.0,750.0,0.0,2.0,2.0,1537536.0,700.0
748,48.0,400.0,0.0,1.0,2.0,1537543.0,300.0
749,48.0,400.0,0.0,2.0,7.0,1537546.0,300.0
750,37.0,250.0,1.0,7.0,2.0,1537547.0,300.0
751,27.0,414.6871686,1.0,3.0,1.0,1537549.0,300.0
752,47.0,450.0,0.0,6.0,4.0,1537557.0,500.0
753,65.0,250.0,0.0,6.0,2.0,1537567.0,300.0
754,23.0,800.0,1.0,6.0,2.0,1537571.0,300.0
755,41.0,400.0,0.0,1.0,3.0,1537574.0,300.0
756,27.0,350.0,0.0,4.0,7.0,1537588.0,300.0
757,28.0,250.0,0.0,6.0,7.0,1537589.0,300.0
758,46.0,300.0,1.0,2.0,4.0,1537591.0,300.0
759,22.0,350.0,1.0,6.0,2.0,1537592.0,300.0
760,50.0,500.0,0.0,6.0,2.0,1537593.0,500.0
761,27.0,600.0,0.0,2.0,2.0,1537594.0,300.0
762,27.0,400.0,1.0,6.0,3.0,1537601.0,300.0
763,36.0,400.0,1.0,2.0,2.0,1537607.0,300.0
764,27.0,300.0,1.0,4.0,2.0,1537613.0,300.0
765,27.0,350.0,0.0,2.0,2.0,1537619.0,300.0
766,21.0,300.0,0.0,2.0,2.0,1537634.0,300.0
767,36.0,350.0,0.0,4.0,2.0,1537636.0,300.0
768,31.0,400.0,0.0,6.0,2.0,1537648.0,300.0
769,29.0,300.0,0.0,2.0,7.0,1537653.0,300.0
770,24.0,414.6871686,1.0,2.0,2.0,1537662.0,300.0
771,44.0,400.0,1.0,4.0,2.0,1537680.0,300.0
772,47.0,500.0,0.0,6.0,2.0,1537691.0,500.0
773,46.0,250.0,0.0,2.0,5.0,1537697.0,300.0
774,30.0,300.0,0.0,6.0,7.0,1537720.0,300.0
775,39.0,300.0,1.0,3.0,7.0,1537722.0,300.0
776,44.0,300.0,0.0,2.0,5.0,1537724.0,300.0
777,37.0,300.0,1.0,4.0,2.0,1537731.0,300.0
778,49.0,600.0,0.0,2.0,5.0,1537737.0,500.0
779,25.0,350.0,1.0,4.0,7.0,1537757.0,300.0
780,31.0,450.0,0.0,4.0,4.0,1537758.0,500.0
781,40.0,200.0,1.0,3.0,3.0,1537762.0,300.0
782,44.0,500.0,1.0,7.0,7.0,1537766.0,300.0
783,44.0,400.0,0.0,6.0,1.0,1537770.0,300.0
784,29.0,350.0,0.0,2.0,2.0,1537772.0,300.0
785,33.0,400.0,1.0,4.0,2.0,1537773.0,300.0
786,31.0,300.0,0.0,2.0,5.0,1537780.0,300.0
787,39.0,250.0,0.0,6.0,3.0,1537789.0,300.0
788,35.0,500.0,0.0,4.0,2.0,1537790.0,500.0
789,32.0,414.6871686,1.0,6.0,4.0,1537793.0,300.0
790,46.0,200.0,1.0,5.0,2.0,1537798.0,300.0
791,37.0,300.0,1.0,4.0,6.0,1537799.0,300.0
792,25.0,250.0,1.0,6.0,2.0,1537811.0,300.0
793,43.0,650.0,0.0,3.0,2.0,1537820.0,700.0
794,46.0,350.0,0.0,6.0,3.0,1537827.0,300.0
795,36.0,400.0,1.0,2.0,2.0,1537832.0,300.0
796,33.0,250.0,1.0,6.0,7.0,1537835.0,300.0
797,46.0,300.0,1.0,6.0,2.0,1537839.0,300.0
798,35.0,2000.0,0.0,7.0,2.0,1537844.0,900.0
799,36.0,650.0,0.0,2.0,4.0,1537846.0,500.0
800,26.0,300.0,0.0,2.0,3.0,1537851.0,300.0
801,36.0,500.0,1.0,3.0,2.0,1537858.0,500.0
802,20.0,650.0,0.0,6.0,5.0,1537860.0,300.0
803,22.0,250.0,1.0,1.0,2.0,1537871.0,300.0
804,21.0,400.0,0.0,2.0,2.0,1537904.0,300.0
805,34.0,300.0,1.0,4.0,7.0,1537952.0,300.0
806,30.0,350.0,1.0,3.0,2.0,1537954.0,300.0
807,47.0,400.0,0.0,4.0,2.0,1537962.0,300.0
808,26.0,200.0,0.0,6.0,1.0,1537967.0,300.0
809,39.0,450.0,0.0,7.0,4.0,1537969.0,500.0
810,39.0,550.0,0.0,6.0,7.0,1537975.0,500.0
811,41.0,450.0,1.0,3.0,5.0,1537978.0,300.0
812,47.0,350.0,1.0,2.0,2.0,1537991.0,300.0
813,29.0,400.0,0.0,2.0,4.0,1537998.0,300.0
814,47.0,414.6871686,0.0,2.0,5.0,1538000.0,500.0
815,29.0,450.0,0.0,6.0,5.0,1538006.0,500.0
816,44.0,650.0,0.0,4.0,2.0,1538018.0,700.0
817,37.0,200.0,0.0,2.0,1.0,1538022.0,300.0
818,35.0,700.0,0.0,4.0,7.0,1538027.0,500.0
819,28.0,350.0,0.0,2.0,5.0,1538029.0,300.0
820,42.0,500.0,0.0,2.0,2.0,1538030.0,500.0
821,45.0,300.0,0.0,6.0,2.0,1538031.0,300.0
822,29.0,400.0,0.0,6.0,2.0,1538033.0,300.0
823,31.0,300.0,0.0,6.0,7.0,1538039.0,300.0
824,35.0,400.0,1.0,6.0,5.0,1538041.0,300.0
825,43.0,600.0,0.0,4.0,1.0,1538049.0,500.0
826,25.0,350.0,0.0,6.0,7.0,1538055.0,300.0
827,28.0,250.0,1.0,6.0,4.0,1538060.0,300.0
828,24.0,414.6871686,0.0,4.0,2.0,1538074.0,300.0
829,33.0,200.0,1.0,2.0,7.0,1538082.0,300.0
830,48.0,200.0,1.0,3.0,2.0,1538085.0,300.0
831,41.0,200.0,1.0,6.0,2.0,1538086.0,300.0
832,26.0,250.0,0.0,6.0,6.0,1538110.0,300.0
833,24.0,300.0,0.0,6.0,7.0,1538113.0,300.0
834,29.0,450.0,1.0,6.0,2.0,1538116.0,500.0
835,49.0,950.0,0.0,2.0,6.0,1538123.0,900.0
836,31.0,450.0,1.0,6.0,2.0,1538132.0,500.0
837,26.0,450.0,0.0,6.0,2.0,1538139.0,300.0
838,28.0,650.0,0.0,2.0,5.0,1538163.0,500.0
839,23.0,350.0,1.0,3.0,2.0,1538164.0,300.0
840,44.0,550.0,0.0,2.0,5.0,1538168.0,500.0
841,24.0,414.6871686,1.0,4.0,6.0,1538171.0,300.0
842,36.0,400.0,0.0,2.0,6.0,1538172.0,300.0
843,34.0,350.0,1.0,6.0,2.0,1538177.0,300.0
844,24.0,250.0,0.0,4.0,2.0,1538190.0,300.0
845,37.0,350.0,0.0,4.0,2.0,1538194.0,300.0
846,45.0,200.0,1.0,3.0,2.0,1538208.0,300.0
847,25.0,400.0,0.0,2.0,1.0,1538210.0,300.0
848,31.0,550.0,0.0,6.0,2.0,1538213.0,500.0
849,24.0,400.0,0.0,4.0,7.0,1538216.0,300.0
850,36.0,300.0,1.0,6.0,2.0,1538220.0,300.0
851,33.0,550.0,0.0,4.0,7.0,1538225.0,300.0
852,31.0,350.0,0.0,2.0,5.0,1538229.0,300.0
853,37.0,414.6871686,1.0,3.0,4.0,1538233.0,300.0
854,40.0,500.0,1.0,2.0,2.0,1538245.0,300.0
855,36.0,550.0,0.0,6.0,2.0,1538287.0,500.0
856,30.0,600.0,1.0,6.0,2.0,1538302.0,500.0
857,23.0,200.0,1.0,2.0,3.0,1538307.0,300.0
858,46.0,350.0,1.0,4.0,1.0,1538308.0,300.0
859,32.0,414.6871686,1.0,2.0,2.0,1538325.0,300.0
860,43.0,350.0,1.0,4.0,2.0,1538331.0,300.0
861,22.0,300.0,1.0,4.0,1.0,1538336.0,300.0
862,35.0,700.0,0.0,6.0,2.0,1538338.0,500.0
863,26.0,250.0,1.0,4.0,2.0,1538340.0,300.0
864,37.0,300.0,1.0,3.0,2.0,1538343.0,300.0
865,32.0,450.0,0.0,6.0,5.0,1538345.0,500.0
866,46.0,400.0,1.0,4.0,2.0,1538349.0,300.0
867,37.0,350.0,0.0,6.0,2.0,1538351.0,300.0
868,24.0,450.0,1.0,6.0,4.0,1538358.0,300.0
869,34.0,400.0,0.0,6.0,2.0,1538366.0,300.0
870,42.0,400.0,0.0,4.0,5.0,1538367.0,300.0
871,30.0,414.6871686,1.0,6.0,7.0,1538368.0,300.0
872,45.0,600.0,0.0,7.0,4.0,1538370.0,500.0
873,37.0,250.0,1.0,2.0,5.0,1538376.0,300.0
874,44.0,400.0,0.0,2.0,6.0,1538386.0,300.0
875,45.0,400.0,0.0,2.0,7.0,1538390.0,300.0
876,35.0,350.0,1.0,1.0,6.0,1538392.0,300.0
877,24.0,400.0,0.0,6.0,2.0,1538398.0,300.0
878,41.0,600.0,0.0,2.0,2.0,1538405.0,500.0
879,40.0,350.0,0.0,2.0,5.0,1538431.0,300.0
880,52.0,500.0,0.0,6.0,7.0,1538436.0,500.0
881,20.0,350.0,0.0,4.0,5.0,1538439.0,300.0
882,47.0,350.0,0.0,3.0,2.0,1538444.0,300.0
883,23.0,300.0,1.0,4.0,4.0,1538445.0,300.0
884,29.0,550.0,0.0,7.0,2.0,1538452.0,300.0
885,44.0,550.0,0.0,4.0,2.0,1538463.0,500.0
886,48.0,250.0,1.0,3.0,2.0,1538477.0,300.0
887,32.0,500.0,1.0,6.0,2.0,1538487.0,500.0
888,44.0,200.0,0.0,4.0,2.0,1538498.0,300.0
889,40.0,450.0,1.0,6.0,5.0,1538504.0,300.0
890,36.0,300.0,0.0,6.0,5.0,1538517.0,500.0
891,37.0,250.0,0.0,2.0,5.0,1538532.0,300.0
892,33.0,550.0,0.0,6.0,7.0,1538535.0,500.0
893,23.0,414.6871686,0.0,4.0,4.0,1538552.0,300.0
894,39.0,200.0,1.0,6.0,4.0,1538553.0,300.0
895,50.0,400.0,0.0,6.0,7.0,1538556.0,300.0
896,32.0,400.0,0.0,3.0,2.0,1538557.0,300.0
897,20.0,550.0,1.0,6.0,5.0,1538558.0,300.0
898,43.0,500.0,0.0,3.0,5.0,1538560.0,500.0
899,30.0,400.0,0.0,4.0,2.0,1538573.0,300.0
900,39.0,450.0,0.0,2.0,2.0,1538577.0,500.0
901,56.0,450.0,0.0,6.0,2.0,1538588.0,500.0
902,44.0,400.0,1.0,7.0,5.0,1538632.0,300.0
903,30.0,350.0,0.0,6.0,2.0,1538635.0,300.0
904,26.0,400.0,0.0,6.0,4.0,1538636.0,300.0
905,26.0,350.0,0.0,6.0,2.0,1538639.0,300.0
906,56.0,500.0,0.0,6.0,4.0,1538645.0,500.0
907,37.0,400.0,1.0,4.0,2.0,1538647.0,300.0
908,30.0,414.6871686,1.0,2.0,6.0,1538652.0,300.0
909,40.0,650.0,0.0,6.0,2.0,1538659.0,700.0
910,40.0,400.0,1.0,3.0,2.0,1538666.0,300.0
911,35.0,414.6871686,0.0,6.0,2.0,1538672.0,500.0
912,43.0,350.0,1.0,4.0,2.0,1538699.0,300.0
913,30.0,350.0,1.0,2.0,2.0,1538722.0,300.0
914,33.0,350.0,0.0,1.0,1.0,1538735.0,300.0
915,29.0,250.0,1.0,4.0,2.0,1538741.0,300.0
916,37.0,300.0,1.0,7.0,2.0,1538744.0,300.0
917,38.0,400.0,0.0,4.0,2.0,1538750.0,300.0
918,42.0,400.0,0.0,4.0,2.0,1538755.0,300.0
919,26.0,300.0,1.0,6.0,2.0,1538760.0,300.0
920,35.0,550.0,0.0,4.0,2.0,1538808.0,500.0
921,46.0,650.0,0.0,2.0,2.0,1538825.0,700.0
922,39.0,500.0,0.0,6.0,2.0,1538840.0,500.0
923,41.0,300.0,1.0,4.0,7.0,1538847.0,300.0
924,26.0,400.0,1.0,6.0,2.0,1538852.0,300.0
925,32.0,500.0,0.0,6.0,2.0,1538853.0,500.0
926,31.0,450.0,1.0,6.0,2.0,1538855.0,500.0
927,44.0,350.0,1.0,3.0,2.0,1538857.0,300.0
928,32.0,414.6871686,0.0,6.0,6.0,1538862.0,500.0
929,32.0,400.0,0.0,6.0,5.0,1538863.0,300.0
930,37.0,600.0,1.0,6.0,2.0,1538864.0,500.0
931,30.0,400.0,0.0,2.0,1.0,1538865.0,300.0
932,66.0,414.6871686,0.0,6.0,5.0,1538867.0,500.0
933,26.0,414.6871686,1.0,6.0,2.0,1538888.0,300.0
934,26.0,250.0,1.0,6.0,4.0,1538896.0,300.0
935,30.0,250.0,1.0,7.0,2.0,1538897.0,300.0
936,27.0,300.0,1.0,6.0,5.0,1538902.0,300.0
937,31.0,450.0,0.0,4.0,6.0,1538904.0,500.0
938,46.0,450.0,0.0,4.0,4.0,1538910.0,500.0
939,33.0,550.0,0.0,2.0,5.0,1538913.0,500.0
940,43.0,600.0,0.0,7.0,4.0,1538918.0,500.0
941,34.0,414.6871686,1.0,2.0,1.0,1538920.0,300.0
942,46.0,650.0,0.0,2.0,2.0,1538923.0,700.0
943,49.0,650.0,0.0,6.0,7.0,1538945.0,700.0
944,24.0,400.0,1.0,6.0,2.0,1538955.0,300.0
945,44.0,650.0,0.0,4.0,2.0,1538962.0,700.0
946,31.0,400.0,1.0,6.0,2.0,1538964.0,300.0
947,40.0,350.0,1.0,6.0,2.0,1538968.0,300.0
948,22.0,414.6871686,1.0,3.0,2.0,1538971.0,300.0
949,42.0,650.0,0.0,2.0,5.0,1538972.0,700.0
950,45.0,400.0,0.0,2.0,7.0,1538973.0,300.0
951,49.0,350.0,1.0,3.0,5.0,1538974.0,300.0
952,27.0,200.0,1.0,4.0,7.0,1538982.0,300.0
953,44.0,300.0,1.0,3.0,2.0,1538983.0,300.0
954,41.0,350.0,0.0,6.0,2.0,1538985.0,300.0
955,31.0,250.0,0.0,6.0,6.0,1538988.0,300.0
956,52.0,300.0,1.0,2.0,2.0,1538999.0,300.0
957,41.0,550.0,1.0,4.0,5.0,1539014.0,300.0
958,29.0,500.0,0.0,6.0,2.0,1539024.0,500.0
959,29.0,250.0,0.0,6.0,5.0,1539034.0,300.0
960,39.0,300.0,1.0,2.0,5.0,1539046.0,300.0
961,32.0,200.0,0.0,2.0,7.0,1539054.0,300.0
962,25.0,300.0,0.0,4.0,2.0,1539066.0,300.0
963,21.0,650.0,1.0,6.0,2.0,1539072.0,300.0
964,28.0,250.0,1.0,2.0,2.0,1539095.0,300.0
965,46.0,700.0,1.0,6.0,2.0,1539105.0,700.0
966,23.0,400.0,1.0,4.0,2.0,1539108.0,300.0
967,37.0,250.0,1.0,2.0,2.0,1539109.0,300.0
968,45.0,200.0,1.0,6.0,1.0,1539112.0,300.0
969,31.0,400.0,0.0,4.0,4.0,1539139.0,300.0
970,58.0,450.0,0.0,6.0,5.0,1539140.0,500.0
971,46.0,414.6871686,1.0,4.0,2.0,1539148.0,500.0
972,26.0,300.0,1.0,6.0,5.0,1539152.0,300.0
973,23.0,350.0,0.0,2.0,4.0,1539168.0,300.0
974,37.0,200.0,1.0,3.0,2.0,1539170.0,300.0
975,29.0,400.0,0.0,4.0,2.0,1539171.0,300.0
976,37.0,250.0,1.0,2.0,2.0,1539177.0,300.0
977,34.0,350.0,0.0,2.0,2.0,1539179.0,300.0
978,28.0,300.0,0.0,6.0,3.0,1539183.0,300.0
979,41.0,350.0,1.0,2.0,2.0,1539186.0,300.0
980,22.0,414.6871686,0.0,6.0,7.0,1539194.0,300.0
981,23.0,450.0,0.0,4.0,5.0,1539197.0,300.0
982,20.0,600.0,0.0,2.0,5.0,1539204.0,300.0
983,28.0,450.0,0.0,6.0,2.0,1539209.0,500.0
984,27.0,350.0,0.0,6.0,2.0,1539218.0,300.0
985,37.0,350.0,0.0,7.0,2.0,1539219.0,300.0
986,34.0,300.0,1.0,2.0,5.0,1539227.0,300.0
987,26.0,250.0,1.0,2.0,2.0,1539234.0,300.0
988,25.0,300.0,0.0,1.0,6.0,1539237.0,300.0
989,43.0,500.0,1.0,2.0,2.0,1539246.0,300.0
990,25.0,400.0,1.0,6.0,2.0,1539270.0,300.0
991,40.0,650.0,0.0,6.0,2.0,1539273.0,700.0
992,40.0,250.0,1.0,3.0,2.0,1539275.0,300.0
993,24.0,200.0,1.0,2.0,7.0,1539280.0,300.0
994,29.0,400.0,1.0,7.0,5.0,1539283.0,300.0
995,29.0,350.0,1.0,6.0,5.0,1539291.0,300.0
996,43.0,350.0,1.0,2.0,1.0,1539292.0,300.0
997,24.0,450.0,1.0,6.0,2.0,1539298.0,300.0
998,38.0,300.0,0.0,6.0,2.0,1539311.0,300.0
999,41.0,350.0,0.0,6.0,6.0,1539316.0,300.0
