,birthday,wanted_annualpay,annualpay
0,24.0,200.0,200.0
1,37.0,200.0,200.0
2,45.0,200.0,200.0
3,32.0,200.0,200.0
4,27.0,200.0,200.0
5,39.0,200.0,200.0
6,44.0,200.0,200.0
7,23.0,200.0,200.0
8,45.0,200.0,200.0
9,41.0,200.0,200.0
10,48.0,200.0,200.0
11,33.0,200.0,250.0
12,37.0,200.0,200.0
13,26.0,200.0,200.0
14,46.0,200.0,200.0
15,40.0,200.0,200.0
16,48.0,200.0,200.0
17,48.0,200.0,200.0
18,22.0,200.0,200.0
19,34.0,200.0,200.0
20,25.0,200.0,200.0
21,43.0,200.0,200.0
22,32.0,200.0,200.0
23,23.0,200.0,200.0
24,29.0,200.0,200.0
25,33.0,200.0,200.0
26,39.0,200.0,200.0
27,39.0,200.0,200.0
28,43.0,200.0,200.0
29,43.0,200.0,200.0
30,30.0,200.0,200.0
31,22.0,200.0,200.0
32,44.0,200.0,200.0
33,38.0,200.0,200.0
34,23.0,200.0,200.0
35,41.0,200.0,200.0
36,26.0,200.0,200.0
37,48.0,200.0,200.0
38,40.0,200.0,200.0
39,48.0,200.0,200.0
40,37.0,200.0,200.0
41,41.0,200.0,200.0
42,25.0,200.0,200.0
43,38.0,200.0,200.0
44,21.0,200.0,200.0
45,46.0,200.0,200.0
46,25.0,200.0,200.0
47,46.0,200.0,200.0
48,61.0,200.0,200.0
49,35.0,200.0,200.0
50,39.0,200.0,200.0
51,48.0,200.0,200.0
52,41.0,200.0,200.0
53,37.0,200.0,200.0
54,40.0,200.0,200.0
55,21.0,200.0,200.0
56,49.0,200.0,200.0
57,49.0,200.0,200.0
58,37.0,200.0,200.0
59,20.0,200.0,200.0
60,25.0,200.0,200.0
61,49.0,200.0,200.0
62,36.0,200.0,200.0
63,30.0,200.0,200.0
64,27.0,200.0,200.0
65,40.0,200.0,200.0
66,20.0,200.0,200.0
67,36.0,200.0,200.0
68,22.0,200.0,200.0
69,25.0,200.0,200.0
70,47.0,200.0,200.0
71,44.0,200.0,200.0
72,47.0,200.0,200.0
73,48.0,200.0,200.0
74,38.0,200.0,200.0
75,47.0,200.0,200.0
76,46.0,200.0,200.0
77,45.0,200.0,200.0
78,36.0,200.0,200.0
79,23.0,200.0,200.0
80,44.0,200.0,200.0
81,40.0,250.0,250.0
82,26.0,250.0,200.0
83,37.0,250.0,200.0
84,37.0,250.0,200.0
85,28.0,250.0,200.0
86,29.0,250.0,200.0
87,31.0,250.0,200.0
88,30.0,250.0,200.0
89,26.0,250.0,200.0
90,29.0,250.0,250.0
91,37.0,250.0,200.0
92,48.0,250.0,200.0
93,37.0,250.0,200.0
94,26.0,250.0,200.0
95,24.0,250.0,200.0
96,26.0,250.0,200.0
97,28.0,250.0,200.0
98,22.0,250.0,200.0
99,33.0,250.0,200.0
100,25.0,250.0,200.0
101,39.0,250.0,250.0
102,46.0,250.0,200.0
103,28.0,250.0,300.0
104,65.0,250.0,250.0
105,37.0,250.0,200.0
106,42.0,250.0,200.0
107,24.0,250.0,200.0
108,23.0,250.0,200.0
109,24.0,250.0,200.0
110,45.0,250.0,200.0
111,34.0,250.0,200.0
112,34.0,250.0,250.0
113,39.0,250.0,250.0
114,29.0,250.0,250.0
115,30.0,250.0,200.0
116,45.0,250.0,250.0
117,24.0,250.0,200.0
118,42.0,250.0,250.0
119,43.0,250.0,200.0
120,33.0,250.0,200.0
121,39.0,250.0,200.0
122,27.0,250.0,200.0
123,40.0,250.0,200.0
124,41.0,250.0,200.0
125,38.0,250.0,200.0
126,28.0,250.0,200.0
127,37.0,250.0,200.0
128,24.0,250.0,200.0
129,32.0,250.0,200.0
130,42.0,250.0,200.0
131,21.0,250.0,250.0
132,29.0,250.0,200.0
133,21.0,250.0,200.0
134,30.0,250.0,200.0
135,21.0,250.0,200.0
136,37.0,250.0,200.0
137,26.0,250.0,200.0
138,35.0,250.0,200.0
139,27.0,250.0,200.0
140,36.0,250.0,200.0
141,26.0,250.0,200.0
142,35.0,250.0,200.0
143,49.0,250.0,200.0
144,29.0,250.0,200.0
145,38.0,250.0,200.0
146,27.0,250.0,250.0
147,33.0,250.0,200.0
148,21.0,250.0,200.0
149,47.0,250.0,250.0
150,29.0,250.0,250.0
151,47.0,250.0,250.0
152,24.0,250.0,200.0
153,43.0,250.0,200.0
154,44.0,250.0,200.0
155,25.0,250.0,200.0
156,43.0,250.0,250.0
157,37.0,250.0,200.0
158,33.0,250.0,200.0
159,40.0,250.0,200.0
160,25.0,250.0,200.0
161,23.0,250.0,250.0
162,23.0,250.0,200.0
163,52.0,250.0,200.0
164,44.0,250.0,250.0
165,38.0,300.0,300.0
166,25.0,300.0,200.0
167,34.0,300.0,250.0
168,28.0,300.0,200.0
169,26.0,300.0,200.0
170,25.0,300.0,300.0
171,39.0,300.0,200.0
172,52.0,300.0,200.0
173,44.0,300.0,300.0
174,27.0,300.0,200.0
175,41.0,300.0,250.0
176,26.0,300.0,300.0
177,37.0,300.0,200.0
178,36.0,300.0,300.0
179,23.0,300.0,300.0
180,37.0,300.0,300.0
181,22.0,300.0,200.0
182,36.0,300.0,300.0
183,24.0,300.0,200.0
184,31.0,300.0,300.0
185,45.0,300.0,200.0
186,34.0,300.0,200.0
187,26.0,300.0,200.0
188,46.0,300.0,200.0
189,37.0,300.0,200.0
190,31.0,300.0,200.0
191,37.0,300.0,200.0
192,44.0,300.0,200.0
193,39.0,300.0,300.0
194,30.0,300.0,250.0
195,29.0,300.0,200.0
196,21.0,300.0,200.0
197,27.0,300.0,200.0
198,46.0,300.0,200.0
199,44.0,300.0,200.0
200,38.0,300.0,200.0
201,31.0,300.0,200.0
202,33.0,300.0,200.0
203,29.0,300.0,200.0
204,39.0,300.0,200.0
205,46.0,300.0,300.0
206,56.0,300.0,200.0
207,25.0,300.0,200.0
208,31.0,300.0,200.0
209,31.0,300.0,300.0
210,42.0,300.0,200.0
211,29.0,300.0,250.0
212,35.0,300.0,250.0
213,41.0,300.0,300.0
214,40.0,300.0,300.0
215,36.0,300.0,200.0
216,26.0,300.0,300.0
217,48.0,300.0,200.0
218,26.0,300.0,200.0
219,26.0,300.0,200.0
220,26.0,300.0,200.0
221,49.0,300.0,300.0
222,28.0,300.0,200.0
223,27.0,300.0,250.0
224,52.0,300.0,200.0
225,30.0,300.0,200.0
226,22.0,300.0,200.0
227,21.0,300.0,250.0
228,29.0,300.0,300.0
229,38.0,300.0,250.0
230,27.0,300.0,200.0
231,44.0,300.0,300.0
232,30.0,300.0,300.0
233,24.0,300.0,300.0
234,21.0,300.0,200.0
235,33.0,300.0,300.0
236,26.0,300.0,250.0
237,42.0,300.0,200.0
238,28.0,300.0,200.0
239,21.0,300.0,300.0
240,41.0,300.0,200.0
241,27.0,300.0,200.0
242,45.0,300.0,200.0
243,27.0,300.0,200.0
244,38.0,300.0,300.0
245,52.0,300.0,200.0
246,38.0,300.0,200.0
247,23.0,300.0,300.0
248,39.0,300.0,200.0
249,36.0,300.0,300.0
250,49.0,300.0,200.0
251,26.0,300.0,300.0
252,23.0,300.0,250.0
253,25.0,300.0,300.0
254,24.0,300.0,200.0
255,45.0,300.0,200.0
256,25.0,300.0,200.0
257,49.0,300.0,200.0
258,39.0,300.0,200.0
259,49.0,300.0,300.0
260,44.0,300.0,200.0
261,33.0,300.0,200.0
262,31.0,300.0,200.0
263,49.0,300.0,200.0
264,29.0,300.0,200.0
265,24.0,300.0,200.0
266,28.0,300.0,200.0
267,23.0,300.0,250.0
268,48.0,300.0,200.0
269,31.0,300.0,200.0
270,37.0,300.0,250.0
271,23.0,300.0,200.0
272,28.0,300.0,200.0
273,35.0,300.0,250.0
274,27.0,300.0,200.0
275,44.0,300.0,200.0
276,23.0,300.0,300.0
277,40.0,300.0,300.0
278,43.0,300.0,200.0
279,55.0,300.0,200.0
280,47.0,300.0,300.0
281,26.0,300.0,250.0
282,22.0,300.0,200.0
283,43.0,300.0,300.0
284,28.0,300.0,300.0
285,29.0,300.0,200.0
286,20.0,300.0,200.0
287,40.0,300.0,200.0
288,28.0,300.0,250.0
289,23.0,300.0,250.0
290,21.0,300.0,200.0
291,36.0,300.0,200.0
292,36.0,300.0,200.0
293,27.0,300.0,300.0
294,41.0,350.0,300.0
295,43.0,350.0,350.0
296,29.0,350.0,300.0
297,37.0,350.0,350.0
298,27.0,350.0,300.0
299,41.0,350.0,300.0
300,34.0,350.0,350.0
301,23.0,350.0,300.0
302,41.0,350.0,250.0
303,49.0,350.0,350.0
304,40.0,350.0,300.0
305,44.0,350.0,350.0
306,33.0,350.0,300.0
307,30.0,350.0,350.0
308,43.0,350.0,350.0
309,26.0,350.0,350.0
310,30.0,350.0,300.0
311,47.0,350.0,350.0
312,20.0,350.0,350.0
313,40.0,350.0,250.0
314,35.0,350.0,250.0
315,37.0,350.0,250.0
316,43.0,350.0,350.0
317,46.0,350.0,300.0
318,31.0,350.0,350.0
319,37.0,350.0,250.0
320,34.0,350.0,350.0
321,23.0,350.0,300.0
322,25.0,350.0,350.0
323,28.0,350.0,300.0
324,47.0,350.0,300.0
325,30.0,350.0,350.0
326,46.0,350.0,350.0
327,29.0,350.0,350.0
328,25.0,350.0,350.0
329,36.0,350.0,300.0
330,27.0,350.0,300.0
331,22.0,350.0,350.0
332,27.0,350.0,300.0
333,36.0,350.0,300.0
334,28.0,350.0,350.0
335,28.0,350.0,350.0
336,31.0,350.0,350.0
337,25.0,350.0,350.0
338,49.0,350.0,350.0
339,43.0,350.0,350.0
340,37.0,350.0,250.0
341,33.0,350.0,350.0
342,45.0,350.0,300.0
343,24.0,350.0,250.0
344,27.0,350.0,350.0
345,48.0,350.0,350.0
346,33.0,350.0,300.0
347,26.0,350.0,350.0
348,40.0,350.0,350.0
349,25.0,350.0,300.0
350,27.0,350.0,350.0
351,37.0,350.0,250.0
352,42.0,350.0,300.0
353,38.0,350.0,350.0
354,27.0,350.0,350.0
355,48.0,350.0,300.0
356,48.0,350.0,350.0
357,41.0,350.0,300.0
358,53.0,350.0,350.0
359,30.0,350.0,350.0
360,25.0,350.0,300.0
361,26.0,350.0,350.0
362,41.0,350.0,350.0
363,45.0,350.0,300.0
364,24.0,350.0,350.0
365,31.0,350.0,350.0
366,48.0,350.0,350.0
367,27.0,350.0,300.0
368,32.0,350.0,300.0
369,40.0,350.0,300.0
370,27.0,350.0,350.0
371,30.0,350.0,350.0
372,35.0,350.0,350.0
373,23.0,350.0,350.0
374,48.0,350.0,350.0
375,49.0,350.0,300.0
376,48.0,350.0,300.0
377,21.0,350.0,300.0
378,28.0,350.0,350.0
379,31.0,350.0,300.0
380,52.0,350.0,350.0
381,32.0,350.0,300.0
382,42.0,350.0,350.0
383,24.0,350.0,350.0
384,44.0,350.0,300.0
385,42.0,350.0,350.0
386,31.0,350.0,300.0
387,35.0,350.0,350.0
388,29.0,350.0,350.0
389,23.0,350.0,300.0
390,44.0,350.0,350.0
391,29.0,350.0,350.0
392,43.0,350.0,350.0
393,41.0,350.0,350.0
394,28.0,350.0,300.0
395,41.0,350.0,300.0
396,40.0,350.0,350.0
397,18.0,350.0,300.0
398,45.0,350.0,350.0
399,38.0,350.0,350.0
400,22.0,350.0,350.0
401,25.0,350.0,300.0
402,22.0,350.0,350.0
403,48.0,350.0,250.0
404,24.0,350.0,300.0
405,36.0,350.0,300.0
406,31.0,350.0,350.0
407,42.0,350.0,350.0
408,41.0,350.0,300.0
409,24.0,350.0,350.0
410,44.0,350.0,300.0
411,24.0,350.0,350.0
412,49.0,350.0,300.0
413,41.0,350.0,300.0
414,29.0,350.0,350.0
415,42.0,350.0,250.0
416,29.0,350.0,250.0
417,38.0,350.0,300.0
418,23.0,350.0,250.0
419,30.0,350.0,350.0
420,38.0,350.0,350.0
421,31.0,350.0,300.0
422,31.0,350.0,350.0
423,43.0,350.0,300.0
424,32.0,350.0,350.0
425,30.0,350.0,350.0
426,36.0,350.0,250.0
427,31.0,350.0,350.0
428,45.0,350.0,300.0
429,42.0,350.0,350.0
430,37.0,350.0,300.0
431,26.0,350.0,300.0
432,34.0,350.0,350.0
433,36.0,350.0,350.0
434,28.0,350.0,300.0
435,35.0,350.0,350.0
436,25.0,350.0,350.0
437,35.0,350.0,250.0
438,29.0,350.0,300.0
439,32.0,350.0,300.0
440,24.0,350.0,350.0
441,48.0,350.0,350.0
442,38.0,350.0,350.0
443,24.0,350.0,350.0
444,49.0,350.0,300.0
445,23.0,350.0,300.0
446,30.0,350.0,350.0
447,36.0,350.0,350.0
448,24.0,350.0,250.0
449,25.0,350.0,350.0
450,42.0,350.0,350.0
451,29.0,400.0,350.0
452,25.0,400.0,350.0
453,29.0,400.0,350.0
454,31.0,400.0,400.0
455,23.0,400.0,350.0
456,45.0,400.0,400.0
457,31.0,400.0,400.0
458,24.0,400.0,400.0
459,30.0,400.0,400.0
460,32.0,400.0,350.0
461,26.0,400.0,400.0
462,42.0,400.0,400.0
463,38.0,400.0,400.0
464,40.0,400.0,350.0
465,37.0,400.0,350.0
466,26.0,400.0,400.0
467,44.0,400.0,350.0
468,30.0,400.0,400.0
469,32.0,400.0,400.0
470,50.0,400.0,350.0
471,24.0,400.0,350.0
472,45.0,400.0,400.0
473,44.0,400.0,350.0
474,42.0,400.0,400.0
475,34.0,400.0,350.0
476,46.0,400.0,350.0
477,24.0,400.0,400.0
478,25.0,400.0,350.0
479,36.0,400.0,350.0
480,35.0,400.0,600.0
481,29.0,400.0,400.0
482,29.0,400.0,350.0
483,47.0,400.0,350.0
484,21.0,400.0,350.0
485,36.0,400.0,350.0
486,33.0,400.0,350.0
487,44.0,400.0,400.0
488,44.0,400.0,400.0
489,31.0,400.0,350.0
490,36.0,400.0,400.0
491,27.0,400.0,400.0
492,41.0,400.0,350.0
493,48.0,400.0,350.0
494,48.0,400.0,350.0
495,26.0,400.0,350.0
496,26.0,400.0,350.0
497,30.0,400.0,350.0
498,36.0,400.0,350.0
499,42.0,400.0,350.0
500,26.0,400.0,400.0
501,26.0,400.0,400.0
502,45.0,400.0,400.0
503,43.0,400.0,350.0
504,35.0,400.0,350.0
505,23.0,400.0,400.0
506,29.0,400.0,400.0
507,47.0,400.0,350.0
508,37.0,400.0,350.0
509,35.0,400.0,350.0
510,47.0,400.0,400.0
511,20.0,400.0,350.0
512,55.0,400.0,350.0
513,32.0,400.0,400.0
514,31.0,400.0,400.0
515,28.0,400.0,350.0
516,28.0,400.0,400.0
517,25.0,400.0,350.0
518,31.0,400.0,350.0
519,30.0,400.0,400.0
520,42.0,400.0,350.0
521,26.0,400.0,350.0
522,23.0,400.0,400.0
523,38.0,400.0,350.0
524,30.0,400.0,400.0
525,43.0,400.0,400.0
526,32.0,400.0,400.0
527,34.0,400.0,350.0
528,35.0,400.0,400.0
529,42.0,400.0,350.0
530,43.0,400.0,400.0
531,29.0,400.0,350.0
532,37.0,400.0,400.0
533,55.0,400.0,400.0
534,37.0,400.0,400.0
535,28.0,400.0,400.0
536,23.0,400.0,350.0
537,45.0,400.0,350.0
538,33.0,400.0,350.0
539,39.0,400.0,350.0
540,43.0,400.0,350.0
541,36.0,400.0,400.0
542,39.0,400.0,350.0
543,28.0,400.0,350.0
544,44.0,400.0,350.0
545,33.0,400.0,350.0
546,49.0,400.0,350.0
547,34.0,400.0,350.0
548,35.0,400.0,350.0
549,44.0,400.0,350.0
550,30.0,400.0,350.0
551,27.0,400.0,350.0
552,47.0,400.0,350.0
553,35.0,400.0,400.0
554,25.0,400.0,350.0
555,43.0,400.0,400.0
556,27.0,400.0,350.0
557,29.0,400.0,400.0
558,32.0,400.0,400.0
559,43.0,400.0,350.0
560,41.0,400.0,350.0
561,26.0,400.0,350.0
562,24.0,400.0,400.0
563,42.0,400.0,400.0
564,51.0,400.0,350.0
565,47.0,400.0,350.0
566,49.0,400.0,600.0
567,35.0,400.0,400.0
568,22.0,400.0,350.0
569,23.0,400.0,400.0
570,30.0,400.0,400.0
571,29.0,400.0,400.0
572,33.0,400.0,350.0
573,28.0,400.0,400.0
574,23.0,400.0,350.0
575,46.0,400.0,350.0
576,39.0,400.0,400.0
577,32.0,400.0,400.0
578,37.0,400.0,350.0
579,47.0,400.0,350.0
580,32.0,400.0,350.0
581,30.0,400.0,400.0
582,22.0,412.56627779999997,400.0
583,46.0,412.56627779999997,350.0
584,22.0,412.56627779999997,600.0
585,34.0,412.56627779999997,400.0
586,26.0,412.56627779999997,350.0
587,66.0,412.56627779999997,400.0
588,32.0,412.56627779999997,350.0
589,35.0,412.56627779999997,350.0
590,30.0,412.56627779999997,350.0
591,23.0,412.56627779999997,350.0
592,30.0,412.56627779999997,350.0
593,32.0,412.56627779999997,400.0
594,37.0,412.56627779999997,400.0
595,24.0,412.56627779999997,400.0
596,24.0,412.56627779999997,350.0
597,47.0,412.56627779999997,600.0
598,32.0,412.56627779999997,400.0
599,24.0,412.56627779999997,350.0
600,27.0,412.56627779999997,350.0
601,41.0,412.56627779999997,400.0
602,27.0,412.56627779999997,350.0
603,31.0,412.56627779999997,400.0
604,43.0,412.56627779999997,600.0
605,39.0,412.56627779999997,600.0
606,33.0,412.56627779999997,400.0
607,48.0,412.56627779999997,350.0
608,53.0,412.56627779999997,400.0
609,55.0,412.56627779999997,400.0
610,26.0,412.56627779999997,350.0
611,36.0,412.56627779999997,600.0
612,20.0,412.56627779999997,350.0
613,26.0,412.56627779999997,350.0
614,27.0,412.56627779999997,400.0
615,25.0,412.56627779999997,350.0
616,19.0,412.56627779999997,350.0
617,43.0,412.56627779999997,600.0
618,38.0,412.56627779999997,350.0
619,26.0,412.56627779999997,350.0
620,46.0,412.56627779999997,350.0
621,60.0,412.56627779999997,350.0
622,24.0,412.56627779999997,350.0
623,39.0,412.56627779999997,350.0
624,29.0,412.56627779999997,400.0
625,50.0,412.56627779999997,350.0
626,37.0,412.56627779999997,350.0
627,34.0,412.56627779999997,350.0
628,54.0,412.56627779999997,400.0
629,45.0,412.56627779999997,400.0
630,22.0,412.56627779999997,400.0
631,20.0,412.56627779999997,350.0
632,40.0,412.56627779999997,350.0
633,46.0,412.56627779999997,400.0
634,29.0,412.56627779999997,350.0
635,46.0,412.56627779999997,350.0
636,57.0,412.56627779999997,350.0
637,54.0,412.56627779999997,400.0
638,43.0,412.56627779999997,700.0
639,24.0,450.0,450.0
640,28.0,450.0,600.0
641,23.0,450.0,450.0
642,58.0,450.0,500.0
643,46.0,450.0,450.0
644,31.0,450.0,450.0
645,31.0,450.0,500.0
646,56.0,450.0,500.0
647,39.0,450.0,450.0
648,40.0,450.0,500.0
649,24.0,450.0,500.0
650,32.0,450.0,200.0
651,26.0,450.0,450.0
652,31.0,450.0,500.0
653,29.0,450.0,500.0
654,29.0,450.0,450.0
655,41.0,450.0,450.0
656,39.0,450.0,500.0
657,31.0,450.0,500.0
658,47.0,450.0,500.0
659,42.0,450.0,500.0
660,37.0,450.0,600.0
661,26.0,450.0,450.0
662,42.0,450.0,500.0
663,36.0,450.0,450.0
664,40.0,450.0,450.0
665,40.0,450.0,450.0
666,28.0,450.0,450.0
667,40.0,450.0,200.0
668,43.0,450.0,500.0
669,40.0,450.0,500.0
670,29.0,450.0,500.0
671,30.0,450.0,500.0
672,33.0,450.0,500.0
673,48.0,450.0,500.0
674,35.0,450.0,500.0
675,46.0,450.0,500.0
676,29.0,450.0,500.0
677,27.0,450.0,500.0
678,46.0,450.0,450.0
679,60.0,450.0,500.0
680,35.0,450.0,500.0
681,28.0,450.0,450.0
682,27.0,450.0,500.0
683,46.0,450.0,500.0
684,32.0,450.0,500.0
685,43.0,450.0,500.0
686,25.0,450.0,450.0
687,45.0,450.0,500.0
688,48.0,450.0,600.0
689,46.0,450.0,500.0
690,31.0,450.0,500.0
691,36.0,450.0,500.0
692,43.0,450.0,500.0
693,41.0,450.0,450.0
694,29.0,450.0,500.0
695,33.0,450.0,500.0
696,46.0,450.0,450.0
697,41.0,450.0,450.0
698,36.0,450.0,450.0
699,28.0,450.0,450.0
700,23.0,450.0,450.0
701,61.0,450.0,450.0
702,58.0,450.0,500.0
703,26.0,450.0,500.0
704,47.0,450.0,600.0
705,46.0,450.0,450.0
706,24.0,450.0,450.0
707,27.0,450.0,500.0
708,46.0,450.0,200.0
709,29.0,450.0,450.0
710,34.0,450.0,450.0
711,38.0,450.0,450.0
712,45.0,450.0,500.0
713,33.0,450.0,500.0
714,40.0,450.0,500.0
715,30.0,450.0,500.0
716,36.0,450.0,450.0
717,42.0,450.0,500.0
718,42.0,450.0,450.0
719,39.0,450.0,500.0
720,31.0,450.0,450.0
721,43.0,450.0,450.0
722,41.0,450.0,600.0
723,34.0,450.0,500.0
724,44.0,450.0,450.0
725,45.0,450.0,450.0
726,35.0,450.0,450.0
727,37.0,450.0,450.0
728,38.0,450.0,500.0
729,40.0,450.0,500.0
730,49.0,450.0,450.0
731,47.0,450.0,500.0
732,39.0,450.0,500.0
733,41.0,450.0,500.0
734,36.0,450.0,450.0
735,23.0,450.0,450.0
736,26.0,450.0,450.0
737,29.0,450.0,500.0
738,43.0,500.0,500.0
739,29.0,500.0,500.0
740,32.0,500.0,450.0
741,39.0,500.0,450.0
742,56.0,500.0,500.0
743,43.0,500.0,500.0
744,32.0,500.0,500.0
745,52.0,500.0,600.0
746,40.0,500.0,500.0
747,42.0,500.0,450.0
748,36.0,500.0,500.0
749,35.0,500.0,500.0
750,44.0,500.0,450.0
751,47.0,500.0,500.0
752,50.0,500.0,450.0
753,35.0,500.0,450.0
754,20.0,500.0,200.0
755,51.0,500.0,450.0
756,49.0,500.0,450.0
757,44.0,500.0,500.0
758,31.0,500.0,500.0
759,37.0,500.0,500.0
760,34.0,500.0,500.0
761,43.0,500.0,500.0
762,44.0,500.0,500.0
763,35.0,500.0,500.0
764,35.0,500.0,200.0
765,37.0,500.0,500.0
766,45.0,500.0,450.0
767,34.0,500.0,500.0
768,42.0,500.0,500.0
769,26.0,500.0,450.0
770,46.0,500.0,500.0
771,26.0,500.0,450.0
772,37.0,500.0,500.0
773,34.0,500.0,450.0
774,41.0,500.0,450.0
775,42.0,500.0,500.0
776,62.0,500.0,600.0
777,35.0,500.0,500.0
778,39.0,500.0,450.0
779,46.0,500.0,500.0
780,34.0,500.0,500.0
781,48.0,500.0,500.0
782,45.0,500.0,450.0
783,43.0,500.0,500.0
784,42.0,500.0,500.0
785,37.0,500.0,700.0
786,31.0,500.0,450.0
787,20.0,500.0,500.0
788,30.0,500.0,500.0
789,31.0,500.0,500.0
790,44.0,500.0,450.0
791,47.0,500.0,450.0
792,43.0,500.0,500.0
793,38.0,500.0,500.0
794,44.0,500.0,450.0
795,38.0,500.0,500.0
796,29.0,500.0,500.0
797,43.0,500.0,500.0
798,23.0,500.0,500.0
799,39.0,500.0,200.0
800,33.0,500.0,450.0
801,41.0,550.0,500.0
802,33.0,550.0,500.0
803,35.0,550.0,200.0
804,20.0,550.0,550.0
805,33.0,550.0,500.0
806,44.0,550.0,550.0
807,29.0,550.0,500.0
808,36.0,550.0,450.0
809,33.0,550.0,550.0
810,31.0,550.0,450.0
811,44.0,550.0,550.0
812,39.0,550.0,550.0
813,39.0,550.0,450.0
814,39.0,550.0,500.0
815,46.0,550.0,550.0
816,39.0,550.0,500.0
817,39.0,550.0,450.0
818,40.0,550.0,450.0
819,26.0,550.0,450.0
820,45.0,550.0,500.0
821,35.0,550.0,450.0
822,49.0,550.0,700.0
823,43.0,550.0,500.0
824,45.0,550.0,500.0
825,44.0,550.0,550.0
826,36.0,550.0,550.0
827,28.0,550.0,450.0
828,41.0,550.0,450.0
829,37.0,550.0,450.0
830,37.0,550.0,450.0
831,32.0,550.0,500.0
832,40.0,550.0,550.0
833,28.0,550.0,500.0
834,47.0,550.0,500.0
835,34.0,550.0,550.0
836,33.0,550.0,550.0
837,36.0,550.0,450.0
838,39.0,550.0,450.0
839,27.0,550.0,200.0
840,25.0,550.0,450.0
841,39.0,550.0,500.0
842,48.0,550.0,450.0
843,47.0,550.0,550.0
844,36.0,550.0,450.0
845,48.0,550.0,450.0
846,41.0,550.0,500.0
847,23.0,550.0,550.0
848,45.0,550.0,550.0
849,48.0,550.0,550.0
850,36.0,550.0,500.0
851,45.0,550.0,450.0
852,34.0,550.0,550.0
853,44.0,550.0,450.0
854,35.0,550.0,550.0
855,25.0,550.0,550.0
856,35.0,550.0,550.0
857,28.0,550.0,450.0
858,43.0,550.0,550.0
859,37.0,550.0,500.0
860,41.0,550.0,550.0
861,48.0,550.0,550.0
862,52.0,550.0,500.0
863,35.0,550.0,450.0
864,46.0,550.0,500.0
865,34.0,550.0,450.0
866,46.0,550.0,550.0
867,20.0,600.0,600.0
868,43.0,600.0,700.0
869,37.0,600.0,600.0
870,41.0,600.0,550.0
871,45.0,600.0,550.0
872,30.0,600.0,850.0
873,43.0,600.0,450.0
874,49.0,600.0,700.0
875,27.0,600.0,600.0
876,27.0,600.0,450.0
877,47.0,600.0,550.0
878,48.0,600.0,600.0
879,45.0,600.0,850.0
880,38.0,600.0,600.0
881,49.0,600.0,600.0
882,50.0,600.0,200.0
883,48.0,600.0,600.0
884,47.0,600.0,550.0
885,45.0,600.0,600.0
886,41.0,600.0,450.0
887,36.0,600.0,550.0
888,42.0,600.0,850.0
889,34.0,600.0,450.0
890,49.0,600.0,450.0
891,46.0,600.0,600.0
892,35.0,600.0,600.0
893,41.0,600.0,600.0
894,50.0,600.0,550.0
895,40.0,650.0,200.0
896,21.0,650.0,900.0
897,42.0,650.0,600.0
898,44.0,650.0,900.0
899,49.0,650.0,800.0
900,46.0,650.0,900.0
901,46.0,650.0,800.0
902,40.0,650.0,450.0
903,28.0,650.0,450.0
904,44.0,650.0,900.0
905,20.0,650.0,450.0
906,36.0,650.0,600.0
907,43.0,650.0,450.0
908,30.0,650.0,800.0
909,45.0,650.0,450.0
910,46.0,650.0,450.0
911,22.0,650.0,850.0
912,39.0,650.0,200.0
913,45.0,650.0,450.0
914,35.0,650.0,600.0
915,37.0,650.0,450.0
916,29.0,650.0,600.0
917,31.0,650.0,800.0
918,29.0,650.0,600.0
919,30.0,650.0,450.0
920,35.0,650.0,450.0
921,48.0,650.0,900.0
922,35.0,650.0,450.0
923,25.0,650.0,600.0
924,26.0,650.0,900.0
925,32.0,650.0,600.0
926,27.0,650.0,600.0
927,41.0,650.0,950.0
928,37.0,650.0,450.0
929,49.0,650.0,450.0
930,32.0,650.0,600.0
931,38.0,650.0,900.0
932,41.0,650.0,450.0
933,41.0,650.0,600.0
934,48.0,650.0,900.0
935,35.0,650.0,200.0
936,39.0,650.0,600.0
937,33.0,650.0,450.0
938,31.0,650.0,600.0
939,25.0,650.0,800.0
940,45.0,650.0,600.0
941,22.0,650.0,850.0
942,38.0,650.0,600.0
943,41.0,650.0,600.0
944,39.0,650.0,800.0
945,47.0,650.0,850.0
946,39.0,650.0,600.0
947,35.0,650.0,600.0
948,25.0,650.0,200.0
949,29.0,650.0,900.0
950,21.0,650.0,800.0
951,61.0,650.0,450.0
952,45.0,650.0,450.0
953,44.0,650.0,450.0
954,49.0,650.0,450.0
955,48.0,650.0,200.0
956,34.0,650.0,600.0
957,36.0,650.0,450.0
958,34.0,650.0,450.0
959,34.0,650.0,450.0
960,45.0,650.0,450.0
961,41.0,650.0,450.0
962,44.0,650.0,900.0
963,35.0,650.0,450.0
964,44.0,650.0,600.0
965,25.0,650.0,450.0
966,46.0,700.0,450.0
967,35.0,700.0,450.0
968,35.0,700.0,800.0
969,30.0,700.0,800.0
970,46.0,700.0,850.0
971,49.0,700.0,800.0
972,41.0,700.0,450.0
973,39.0,700.0,450.0
974,39.0,700.0,450.0
975,31.0,700.0,850.0
976,32.0,700.0,850.0
977,48.0,750.0,850.0
978,35.0,750.0,450.0
979,45.0,750.0,850.0
980,32.0,750.0,450.0
981,49.0,750.0,850.0
982,40.0,750.0,800.0
983,24.0,750.0,450.0
984,23.0,800.0,850.0
985,40.0,800.0,200.0
986,44.0,800.0,800.0
987,47.0,850.0,950.0
988,37.0,850.0,800.0
989,34.0,850.0,450.0
990,20.0,900.0,200.0
991,49.0,950.0,850.0
992,32.0,950.0,900.0
993,45.0,950.0,450.0
994,46.0,950.0,850.0
995,43.0,950.0,950.0
996,30.0,950.0,450.0
997,35.0,2000.0,2000.0
998,49.0,2000.0,2000.0
999,33.0,2000.0,2000.0
